Column1,Column2
,0
0,hhh Ѽ̶
1,ڴ   ְϰ ŰϰԵǴ Ƚؿ
2,"ʾ,...̹߽ù...."
3,ƴ  » 
4, ƹ    Ͼ.. з  ذ 1  ¥ ְ
5,ش ñϽø  ޸
6,ٵ  ñؼ ׷µ߿ ڰ  Űϴ  ֳ?
7, ׷ Ƶ ϰ ĳ ̳
8,  µ  ڴ.. ٸ ֵ ǥ  µ     ñԤФ
9,Ʒ  ֽϴ. Ҽϵںе   Űѹ ֽð Ҽ  е  Ʒ  .־佺־...................
10,  ׿߿  Űܰ
11,.. п  ʽ ٸ  ִ..
12,"ڶ   ƺ ƺ  Ծ ƺ  ڰ Į  ־µ, ƺ װ  ڿԷ ƺ ̲ ڰ  ִ Į 񸲾 ƺ ġصΰ, ƺ  ׷, ڴ   ﳪ ʾƼ   ɷ ˰  ڱⰡ ƺ ׿ٰ ڼ׸ Ҿȿ ƺ  Ͱ õ å Ἥ ڽ  ´ٰ ϰ , ׷  å        ģô鿡 ڿ  ϴµģô ڱⰡ  . ڴ  ڶ  ް  . *赶ڵ ι̴.  ڲ  Ф"
13,   ϰ᳭  ٵ... ѹ ޷   ݾ... ົ  ..! Ҽ ; ϴµ    ̷ ߤ
14, ϰ  Ǯ   ȭ ̤̤  ̴ּ ʹ ƿ
15,ʵ Ż ٵ  !ʵ
16,ڰ ǰ..?  װ ƴ   ̶  Ű  2ʹ ǳ
17, ƿ ĳ Ϳ٤
18,ھ ¼ȯ    Ф ¥  Ϳ ƴϳİ ФФФ 赶  ФФФ
19,̷ø ؿ... ܿб Ҽ д     ߴµ.. ̷ø ؿ... .... ̤̤̤̤̤̤̤ ⸻ 2 Ҵµ̤̤̤̤
20,̴ 
21," Ż ǥ ð ˾Ҵµ ī򵷱,,ھ"
22,ƴ ׷ ʾ  ó ưµ  ƴ?
23, վ ġڳ   ; Ҽ  ƿ
24,׷ ...... .... .......    ٵ.... ҽ............
25,[???  ī մϴ]                      [??? 5000 Ŀմϴ]
26,ڿ  ߰ Ȱ  Ŭߴ..
27,Ҹ ߴµ ̴  屸...Ϳ
28,ʵ.. ̿..?
29,ؿ  ᤻ܽ  ؿ!!!
30,ݱ  ȭ ̷ Ǳ ó̸ ۵ ÷ ޾ƺ!!!!! ʹ ڳ ̰~~~~~~!!
31,ؿ ٲǰ???
32,"Űϸ  ֶ  ̹?,,,,,,"
33,Ż!!!!!!
34,"ü ذ ȵǳ.  Ҽ ҹ 鼭   ϸ  ?  ʹ .   â ޸ ׷   .  Ŀ     ൿ. ̼ 㳷 ذø鼭, Ͻð Ͻø鼭   Ҽ   ˷ հ  . ̼  Ҽ ŭ  ƺ̴    Ÿ鼭,   Ǭġ  ϴ     ̾߱⸦ Ű忡 ߵ  ǰ."
35, 赶 ʹ Ϳ 󱼿 ذ?
36,Ҽ     ӵ ٰ ø ſ
37, ع;;;
38,
39,մϴ mas
40,Ҽ 29ȭ Դϴ.  ˷ ؼ ˼մϴ٤.
41,         ȯ ˷֘ٴ Դ ϰ        ̳
42,"  ļ   赶 Դϴ.   ٸ     Դϴ. 赶ڴ ߿  ˼ . 5° õ뼺 赶ڴ  ǰ õ簡 Ǿ Ÿ. 赶ڴ  µ Ʈ 츮 ó ģ  ܵ   赶ڴ     ó  ü µ 츱 ü ȸ͸ . ü ȸص 츲 ᱹ Ҽ  츮°   ȳȡ ǿ 鹦  ׷   tls123 ٸ   Ѽ , 赶ڰ Ȱ  Ѽ ´. ̷ .. ü  赶ڸ 츱 ?  Ȳ  °,    Ҽ Ἥ ٸ   赶ڵ鿡 Ѹ ׷      赶ڰ Ƴ.  ƽԵ 鹦 "
43, Ҽ ȯ ˷ֽ õ óФ
44,  ˳׿  Ƶ ߻̽ϴ.....     Ѥ     Ⱥ  ģ ʹ ߾:D
45,̾^^  Ҽ  ñ淡   ߿ ´  ִµ Ʋ   .   Ʋ  κ ϱ  ϰڽϴ
46,濵 ֱ ȭ  ȴٰ... ȭ  ٰž Ф
47,ش.    ġ  ü ߴٰ.   ôٰ λ ° ƴϴϱ ʹ å 
48,  پٴϴ ھ   ģ ׿   ϳ      ƴ  ڳ 
49,  ޼ ʹ ε Ѱź ʹ ļ  鼭 å з׿..
50,ʵ 츣 Ŷ ߴµ
51,  źδ 
52,ƴ ù ü   ϴ°ž    ü     ֽϴ ....
53,Ҽ ϵ μ... ¥   װ͵ ߿   ۳....
54,¥ ؼ  ġ..ߴٸ 鿡  ϸ鼭  ⼭  ..
55,
56,"""   ߿ ״  ""   е  ̾!"
57, ٰ Į郇
58,ȳ ? 
59,Ĥ
60,̤̤̤
61,¥ ǥߴ 
62, ־  ɹ Ű 
63, Ϸ  ¯Ϳ
64, ̶ ߿ ̤
65,
66,ƾ..̶   ʹ Ϳݳ..Ф
67,ʵξ..
68,   ϼ..
69,ϷФбͿ
70,濵 ʹ Ϳ..
71,   η߸ǵ
72, '̷ ? Ͱ' ̸ Ҽ Ͱ
73,ؿ Ϸ λǰ..? ׷ž//?    ͿͶ  η........̻ڴ..
74,ʵΰ ̶...
75, Ÿ  ΰ³̤
76,  ʵ ߴͺ  ľ  ŻԾ  
77,  Ϳ
78,   ִ°ŤФФФФ е ¥  ڴ 
79,   뿡 ~~  7 Ʒ ŰŰŰ 
80,ʵ а ִ  ǥϰ ǥ
81,    Ф
82,"ض...  28ȭ........   ΰͰ ̹  ֳ28ֳ  ġפ̹  ϴ  δǸ ۿ Կ...Ƴ  Ҽ ȺپƳ? °׵ λ  Ҽ ۿ Ե鳻 ս........,.,..............,...................."
83,"[ʾ] λ ȸ   ̳  ٲ , '' 迡 ֵ ǿ ð ִ "
84,
85,"  ߻,赶ڴ ڰ ߻"
86,ΰڳ
87,"ƴϤ  ġ ,,,,,, ʹ  Դϱ"
88,а ϼ? Ż  7 
89,濵 ȭǤ
90, ϳ׵  
91,ʵΰ ִ  ִ° Ӹ  7 ..ΰ...
92,ƴ ׷   ǥ     ǰ 
93,"ȭ, [ 縦 Բ ] ̾߱⸦ մϴ!"
94,ٵ Ҽ  ƴϳ¥    
95,ȳ ظڤ 
96, Ҽ 鼭 ѰŶ̶  Ҹ ũ ư
97,ƴ 餻 ǸƤ̤ФФФФФФФФФ
98, ̴?
99,  𷫰  ʳ~ƾ~ ¦ β 赶ڰ   µ  Ƽφ
100,ǥ̤ ù  ǥΉV
101," ,,    ͼ  ׷ ش ͳ???"
102,̵ 
103,赶 
104, ȭ ФФФ
105,츮 濵 ȭ !!!
106,..á..... ............... ..  ............ ....... .....................................................
107, ȥ ¥ ȴ 1  ִ¹ô Ǳ 
108,ƴ   Ҽ ϵϰ   ε Ű Ӵµ   ̷ ڼϰ ʿϰ ģϰص?? ¥  ȥô    θ    
109,  ġ  ϴ٢   ϱ 
110,   ƴϾ 
111,"赶  ̼ ڽ ƺ   赶ڸ ȣϷ     Ϻη ˸  .̿ óֱ Ⱦ   ̿   ο  å   ģô̰ .赶ڴ  ޾   . ļ   赶  ٸ    赶ڴ ߿  ˼ . 5° õ뼺赶ڴ  ǰ õ簡 Ǿ Ÿ.赶ڴ  µ Ʈ 츮 ó ģ  ܵ  赶ڴ     ó  ü µ 츱 ü ȸ͸ .ü ȸص 츲ᱹ Ҽ  츮°   ȳȱ׷ .tls123 ٸ   Ѽ , 赶ڰ Ȱ  Ѽ ´. ̷ .. ü  赶ڸ 츱 ?  Ȳ  °"
112,  ѹ    ڳ 
113,
114,帲帲帲帲帲帲帲帲帲帲帲帲帲帲帲帲帲帲帲帲帲帲帲帲帲帲帲帲帲帲帲帲帲帲帲帲帲帲帲帲帲帲帲帲帲帲帲帲帲帲帲帲帲帲帲帲帲帲帲帲帲帲帲帲帲帲帲帲帲帲帲帲帲帲帲帲帲帲帲帲帲帲帲
115, ε Ƥݰ
116,", "
117,ģ Ƴ ʵ å ǥ    Ń
118,ٸ
119, ٵ   ֵ ε?
120,  ִµ...  Ŀ  Ű Ű ´  Ű ޶ ϴµ  䱸ΰ 
121,"Ϸµ     ϸ ģ ġ, ."
122,
123,â  ôٰ Ƽ  ʹ Ƥٵٵ ϴ  so disgustingؿ
124, ȭ  ʾҴµ  ׸ ó..  ¥ ׿䤧300ȭ ÷ϳ
125,  ״ ° ƴϰ ¦ ٲ㼭 ϴ    ٸ Ҽ  鵵  ʿ  ϴ   Թ  ̸ .
126, Դ  ͳ 
127,ڶʹ߻žƴ?񿤱ǰ..
128,ʵΰ ִ å ǥ  ī   ī  *򵷱  ȭ 
129,   ǥ  ?
130, ź ̳פФ̤ ʳ׵  Ӹ ɼ ִٰ
131, ̸  ֳ?  ̰  ȭ°ň? ?  
132,ʵ Ӹ ݋y
133, 縦    
134,̴٤!!!!!!!!
135,ʵ ϴ ̹Ά  󱼷  ϸ  褻
136, ͼ 
137, ȭ   ϰ Գ? ᱹ 赶 ȭ ϰ Ǽ    Ѹġ 赶 ٰŸ鼭...! ¼  !
138,Ƥ ۰Ԥ
139, ߻µ..  ߿  
140, ߼
141, ̿ ȭ ߵ  Ƹ´  ...
142,ΰ̶ ׷  ߻
143,ٵ ۿ ʾ  Ծ??
144,Ű ִ° ݺóפ
145,̹ ȸ  ݝڤ 
146,  
147, 񶧸
148,å   7  ؿŰ 
149,赶:5252..   ° ƴϿı..
150,赶ڰ  ̶ θ   
151,¾ ! ȥ
152, ߻
153,  ״ ʵ
154,  Ƿ翧 ȣƴϳ?
155,潺 ͵ Ż ± 
156,Ǳ ȭ ̳
157, ö ƮͿ   Ʈߴ  
158, Ҽ  а о ȸ100  Ұ    Ǳ~
159,ؿ.. ФФ
160,    ٷ  ˽ΰ .
161,???: ϰ Ƴ ..
162,׷ lee ? Ʋ ƴ.   ϸ ̰ ݾƿ~ ״ϱ .. 5 ٸſ ϸ鼭 Ÿӽϰø ɰŰƿ~
163,  ڿ ī V
164,   ̾? Űݿ ؼ ݺŵǴ ġ ̹ʹ ̳
165,   ?   Ǳ  50ȭ?   󱼽 ɿ?  150~200ȭ  Ǿ ϴ° .(Ҽ )
166,ƴ   ߻ ߻;   
167,lee  Ҽ Ⱥ Ű ų ƴϸ   ڶְ
168,??Ҽ ົ Ф  ົ 12 ´ٴµ ҽ  ׿Ф
169,ô Ҽ ົ °ǰ...???  ົ ҽ 鸮.....?? Ҽ ົ  ϳ̤ ϰ᳭ Ͽ  ົ а;..!
170,  ΰ  ߻ ƿ䤾 ׸ü   ׿!! Ҽ о ʾ    Ҽ о   ϴ.  ȸ ҰԿ!
171,"  Ҽ  е鵵, Ҽ а  е ٵ  ׵  ð  ֳ;;;;Ͻô ŵ  ġ Ƴ°̴ϴ"
172,ٵ lee ʰ Ѱ ƲȾ. ø ô е   ϴ  .     Ŀ ڱ  Ǯϴ°̴ϴ. 
173,x ڲ  ϱ淡  ؼ µ x ڼϰԵ  ð  ҳ      װ  ǥϴ °Ŷ  Ÿ  µ    ΰ ˸鼭 ϴ    ִ°ų ƴϸ        ų ׳  ÿ ΰų
174,[?????? ???????????????? ??????] ?强? ʵ (New!)?
175, ٺ    ݳ  Ͼž  Ͼ
176,   ׸  Ҽ  ôٰ;;
177,̶  500... ھ ʴ...
178,  ڳñ~~~
179,",  Ͻö...  , ߸ߴ?? ƴ ߸߽ϴ?"
180, 0ι : ŻȣN?
181, ƴ ó
182, 濵 汤̳ƤФФФ
183,(lee)   ֵ Ű ڰ    ϸ 㹫ϴ ̰ ó  ڽ   ǹ ְ ̰ .  ؿ  ñϸ   ǰ  ϳ ڸ ؼ  ̶󺸸 
184,ȭ  
185,ƴ  δ (lee)  ´µ  Ʋȴܴ ?
186,赶  װ  Ȱ
187,ؿ  ٵ ϼ~
188, ʵο???    ~   ¼µ  µ M Ż   3  Ŵ
189,ٵ ιߵ帳  Գ?
190,  .....................................................................................................
191,äĿ
192, ؿ lee  ¥ Ɔr  ڼϰԵ س...   ϱ ص ̰   Ѿ٤
193,濵  ˽ΰٴ ̶ֵ
194,߿ ´°  ٴ° 
195,߾ ۺ   õ
196,
197,׷ =۰  ÷̾  ε?
198,Ʒ   ڰ  Ҽ  â ε? ׷  ڽΰ?   ۰̸ ̴ϱ.
199, ̷ ֳ
200,̶ 11 µ  и ʵΰ  ٰڴµ.
201,ȳ  
202, ߱̾ 
203,ʵ   ѰŶ ٸ ʹ ̴ 
204, Ż °  Ǥ
205,̳İ ϱ ̷ 
206,  ߻
207,ϴ 鵵  ̰װ ؼ  Ϸ 鵵 ̳פ
208,ƴ ¥ ߻
209,^^
210,??   
211,̵ µ з̶ ø
212,ƴϤӾϤ߻
213, ̻ ¥ ФФ
214, 
215,۵ Ǹ  Ѵ٤
216, վ !! ؾ!!^^
217, â ִ  ߿  ϱ  Ű  䤻 ¥ ϴ   Ҽ ᵵ  
218,ʵΰ ִ  İ    V ¼ ǉV
219,  ʵ ܸ  . 븮  ʹ пٱ.
220,ð Ͻô е װ   ׳ ش   ֽ ȵɱ;      ڸ â  ݾƿ   ص..    â    ݾƿ  ϰ   ٴ ̸     ּ ھ â Ϸµ  ð  ۵ ־  ϳ׿    Ÿ  սô..
221, ܤ 赶 ¥
222,   ߻.
223,ʵε ̳
224,ʵΰ дå  ھΰ   ׸  ȭ ϰ  ̳  
225,濵̴ ϵ ȭ ڱ
226,    Ҿ(oveedose¶..)
227,  ʹ  ͼ  ԰ ...?ߴµ Ӹ   ΰε ι ȳ̿.  ߻..
228,!! ȭ 
229," ִ  ƿ, ̾  ƿ! ּ!!!( ǰ ; ̷ Ӥ)"
230,   ົ ´ٴ ФФ ѳ ູϳ׿ ФФФ
231,    
232,Ż  ̶ Ż Ǫ   ٰ   
233,
234,"赶 㸮 ,,  ƹ ߰ڴ,,( Ҽ ෯ )"
235, 
236,lea ߴٰؼ ŰϷµ оϱ...:?̰ ո?ؼ  Ű ʿ  ...
237,"縦 """" ߴٱ!"
238,̹ȭ ̷  Ʈ 
239,"׷ 濵, ȴ?"
240,߾ ߻ Ծ
241, з ȭ ģ  ƴѰ    Ƴ 
242,   ¥ ǰ ŷ 10  ƳŴϱ ôٰ 㸻 ۺ ϴ
243,tlqk  ʹ
244, ϱ  Ŭ Ȱٵ  ¥ ӱ ۿ ǰ   ϱ Ӹ ְ ϱ⿣   ̾
245,ٵ   غ  ص       ȳ ̹ϰ . ۺ .  ŷ 100̸     Ǯ 10ۿ  .
246,lee   
247,lee  ϴ ֿ   ּФ
248, 󱼿 ̳
249,  ģ 
250,.. ̰  ص     𸣰ھ
251, 𷫰 赶ε     Ⱥ?
252, ȭ  20000(ȭ ε ʾ)
253,ƈ ʵΰ ִåǥ ġ ֳ줻
254,ƺµ ູϴ.
255,ó ȸڳ 
256,lee ϴϱ      鵵 
257, ٤Ф
258,  OOO
259,... ش °?
260, 𷫰 ü  ḻ  ̴.ٵ    °?   2ȸ    ؾ  ḻ    ׸  3ȸ ƴϴ.(1864ȸ ) ۰ Ѽ ƹŸ ļ ︲()̱濵 ļ  (ƹٵ Ȳ )赶 ļ  ļ ö α赶ڴ ߿ ''  ļ   ( 赶) ˼   ع 4  ü  輱  ̴ 𷫰 ̰ Ű ̴.ô  赶 ̴.
261, ̾..
262,3ֳ ñϳ
263,ں ΰ ߻ ߱
264,fµ ̰  ̶ž? 
265,  ӽõ
266,ߵ¥.......̴...
267,̷ ʾǳ
268,ճ
269,ٸ    ʹ 
270,Ӱ ̸ ̾ 
271,ƴ 濵   Ҵ    մ 
272,
273,ʵ ΰ  ο..
274,  ȲѰ Ϳ
275,赶 ٱ 峭 ȳ ^^
276, 赶  
277,ؿ  ¥  300ȭ   𸣴 ε  ˰ Ǿ׿...
278,¥ ϱ ѱ     ...... .................ѱ.....................齺
279,ٷ ش  û  ....
280, 𷫰 ü  ḻ  ̴.ٵ    °?   2ȸ    ؾ  ḻ    ׸  3ȸ ƴϴ.(1864ȸ ) ۰ Ѽ ƹŸ ļ ︲()̱濵 ļ  (ƹٵ Ȳ )赶 ļ  ļ ö α赶ڴ ߿ ''  ļ   ( 赶) ˼   ع 4  ü  輱  ̴ 𷫰 ̰ Ű ̴.ô  赶 ̴.
281,ī  ߤ 
282,潺 ͵ ϻϴ   ߳
283,
284,  ôµ Ҹ 𸣰..
285,   Ʈ   ƿ !
286,   Ʈ   ƿ !
287,   Ʈ   ƿ !
288, ö ǻƾƾƾƾƾƾ 
289,츮ְ!!
290,⵵ ǹְ   ǿ Ȱ~
291,ƴ 290ȭ  fµ ؿ   f
292,"   ̳ ɼǲ Ͻôµؿøñٶѻ̷Ÿ׶׻ϴ? ɾغɷκϱҼ Ѿ̾ϱ̵ϴ°ŰŰñ̷ټҼ, Ǿ̵ɵóôºеâ30̻ε"
293, ~~
294,
295,ʵ  ľ..? Ҽ  ׳   ˾Ҵµ
296,  츮̾?
297,
298,  ġ V
299, ǥ   ݾƤФ̤̤ФФ̤ФФ̤
300, ¥   ⳪ ޺ ȸ´µ ޺ Ƥü  ̷Ȳ
301,  κп ִ° ' ϼ?'   'а ϼ?' ?   
302,"  ϱ е ø θǽ, bl̶ Ͻô е ŰͰƼص帳ϴ.ô bl ƴϰ ͳݿ    ÿҺе blĿԴϴ. Ŀø  bl ƴ  bl̶ Ͻô° ƴѰ ƿ. ͳݿ ִ Һе ׸ ڶ  Ŀñ׸ ϰ () Ҽ bl̶ ô."
303,  ǥ Ƴİ ü  ŝ
304,
305,:??? 赶:???
306,ƈ̰ 帣 ڹ̾ ̳ פ
307,ش 
308,48  ӸФФ ٤Фп츮  Ӹī ̸̸ Ʋݽô
309,  ô 
310,ʵ  ΰ ̰?
311, ôϳ
312, 
313,ȸڳ ΰ̴Բ ȭ ƴܴ 
314,  ʹ Ϳ ФФ̤̤̤  ϰ  ФФФ
315, ġγפ N
316, 񿤽ΰ?
317,  ĳ ڶ  ̳ ߻٤
318,Ҽ  ʵ..  ? λߴµ... Ż...
319,ʵδ...󱼿  ° ƴ϶ Ӹ ̳°ɿ
320,ĸ ȸ 
321, ù ͸ ٽõǴ°ž? ¼
322,̰Ŵ  ڸ ϰ  
323,   ȸ α
324,Ƥä̤
325,濵 Ѿ ö ȴٿ 500 
326,ʵΤ  ۳
327,濵 ̹ ѵ
328,"???:,!"
329,ٷ Į
330,  ΰڴ ;;
331, ģ 
332,츮 ΰ Ÿ ȭų ų ̿
333,Ф   
334,ʵ ǳ ž Ἥ 丣   ˾Ҵµ Ѱ ϰ  
335,ֵ ӸӸ  ȵ....
336,빫
337,¥  ʹѴ...Ӹ ڲ פ
338,Ű  ....װ δ...
339,»
340,ٵ  ʹ ߻ٰ  
341,ȲѰ Ϳ 
342, .....
343,9158forever
344,߿ߺ ״  111111111  Hl  ϼ 
345,ƾȳ ʹ  
346,  ִ  ׸ ȣ ?
347,ȳ?ظƤ
348, װ ѹ ڴ?    
349, ۿ   赶ڰ λϴ°   Ȳϴ°ź Ϳݝڤ
350,ƈ ʵ Ż𿴾...
351,̰ ߴ..
352,ʵΤ
353,ƈ     ǥ  رݝڤ
354,ʾ̳ 
355,ڷδ  ϳ?8̳ ڷ ص ÿǿ ȭ ã 谡 ̷ ￡   °   ڤ...
356,Ż帳  
357,....... .       ....
358, 𷫰 ü  ḻ  ̴.ٵ    °?   2ȸ    ؾ  ḻ    ׸  3ȸ ƴϴ.(1864ȸ ) ۰ Ѽ ƹŸ ļ ︲()̱濵 ļ  (ƹٵ Ȳ )赶 ļ  ļ ö α赶ڴ ߿ ''  ļ   ( 赶) ˼   ع 4  ü  輱  ̴ 𷫰 ̰ Ű ̴.ô  赶 ̴.
359,濵    .
360,  ƼŰŸī..
361,߻
362, Ҹ ȭ!
363,ٵ ̷  ۿ    ͵ ٰ ''ϸ鼭  Ŷ õ ϱ ¥  ϳ  
364,θǽ 
365,ƴϤ ̾ѵ ̺ ڰ  ߻ܺ....
366,θǽ   
367,θǽ   
368,  ϸ Ӹȴٴ
369,ȭ ȭ ׸۰ ⼾ ʹ ƿ Ф
370,å ?å ?
371,Ҽ   ȳ ?  µ..
372,... ڶ  θǽ ?
373,¾ 濵 ڴ 
374,赶  ڸ ֹ쿡 Ǵ° ɿ ׷ ־ĳ ֳ ̾   ..
375,뽺ų  ڽ 2ܰ谡 ?
376,!!! ߻ ߻! ! ! ! ! ! ! !! ! ! !! ! ! !! ! ! !! ! ! !! ! ! !! ! ! !! ! ! !! ! ! !! ! ! !! ! ! !! ! ! !! ! ! !! ! ! !! ! ! !! ! ! !! ! ! !! ! ! !! ! ! !! ! ! !! ! ! !! ! ! !! ! ! !! ! ! !! 
377, ذ 츮 濵   ΰʹ
378,...
379,κ ȸ
380,ΰ ȭ ʹݾ?
381,
382, ǥ   Ҳģ  ǥ
383, Ҽ ǥ ߻
384,濵  ƴŸ ȭǰ ƴϰ?
385, ļ ̸ٴϴ ȥ 
386,ǵǵФ
387, .. ̷  ~~~!!
388,ʵ аִ° ġ  ֵ䤻
389,   ƴ
390, ¥  ɷ¸ ȴٸ ۰ 濡 ֳ Ϸ  ׸ ϰ;...
391,..... μſ
392,  ǥ  ܱ   پ ǥ ī  ֳĤ
393,..¥ ճ
394,Ѵ ̳ 
395,ϳ  ʹѴ Ż ˴
396,Ϳ! Ҽ д   ϱ û մ!
397, 丮 ÿÿϰ ϱ ¥ 
398,ʵΰ д   ݾ 
399,ߤ  ..??? ϳİ Ϳ ڳ
400,???: ׿ڴ 赶
401,Ƴ ¥   ǥ  ФФФФ Ϳ
402,ʵΰ а ִ (?) ǥ ִ  Ȥ ġ? ѵ  Ϳ վ
403, 
404,":   , "
405,  Ѵ뤻 ҵ
406,ȭ夵; ɰ ߵ 
407,å׷  ʹ Ϳ...̤Ѥ
408, 츮ְ ȭ ڴݾƿ~   !!!
409,ʵ ŷ¿ hair  
410, ϳ״  ǳҰͰ   ٳ ϳ׵鵵  ǳ   ˾?
411,۳ѵ....
412,̰ 츮  ̻ڴ... ͸ ̻ڸ ϴ...츮  ° ...
413, Ż  ־  Ż  
414,  Ǿפ  ض
415,  鼭   ̳ 
416, ʹ  赶       ġ ֳİ ׸  !!!!!!!  !!!!!!!!!
417,", ׷ 縦  ...?????? "
418,ΰ ôϴو
419, Ϳ򤻤
420,...ʾǿ ´µ
421,濵 ݸԾ ȭ °͵ ؾ ƴφr
422, 縦   .....   κ    .. κϱ  ӱ
423,ƴ    ߻峪  ̶ ̾߱Ⱑ ٸڳ ۰
424,ƴ Ż Ҵ ̤̤̤̤
425,? » ǥ  ִ°   
426,۰  ..ʾ Դϴ...
427,츮 濵 ϵ  ƾ ..?
428,
429, ־!!!
430,¥ ־!!!
431,־!!!
432, ڰ ȳ  Ҷ ¥ Ե   N
433, ǥ 
434,     ̾...
435,ʵ   ֽ  ФѤ  ϴ ߳Ⱓ ĳ 򰲳İ
436,?   2̳ ??
437,ʵθ Ż  .....׳ ̰ ֳµ   ̹  ʹ̳׿
438,  ߻
439, ʵ д ǥ... ̶µ  °ņr
440,.. ̹ ȸ 500+ ǥɶ   ǰ׶     λ Ҽ äÉ ȸ 1     ѵϱ..  λ 2° ϵ Ҽ ε ½屸ϱ..
441, ƹ ʵΰ аִ ǥ  ..?
442,... ظ ݱ ڿ   赶   ǥε
443,縦 Τ
444,Ż... ..
445, ... 
446,ȳ  (ظ)
447, ;̤Ѥ ̸ ϱ
448, Ż ð å ¥ Ż  ıװǰ
449,տ ô̿ Ż𳭰ݾ
450,濵 ȭ   ° ִ°ž
451,..߻
452,"Į ֵθ""ȭ  !!!!"""
453, ¥  ݳ  
454,.... ȭ ϰ ̴° ó̳... ȭ Ƴ ༮ ?
455,ƴ Ḹ  ʵ å  ġ־
456,  ĳ͵  ҽϱ.. 2  ǿ  ..
457, 縦 ؾ  . ϸ 
458,߻...
459,..  ʵζ ٸ ӸӸ̾..
460,ȳ  ^^ '
461, Ϻ̾?   ߾?
462, ɲ ...ƾ.......̤....
463,δ 赶
464, ^^ ̰  ̷ ??
465,濵   ֳ Ưϳ
466,ʵ дå 
467, Bikacheu ī 
468,ܤ ܼ ġھ
469,
470,??:..
471, ʹ ŭϰ λϴµ  ̴ ó
472,??? : ~~~! ʵΰ ڲ ùް ڳ!
473,¥ Ǹ....( ŻοԸ^-^)
474,  ϱ ź  ?
475, ôؙC
476,  !!
477,6赫 õ뼺
478,ƾƾ ȳ Ʒ  ̰ ׸  ̾ ھ  ¥
479, ϸ  
480, 縦     ϼ
481,ڤ׹Ǜ
482, Ż̾߱ߤ
483,濵 2° ȭ 汤ڴ.
484,ʵ Ż   ãƺֳ Ф
485,""" ݳ  Ƣ"" ׸ü ҳŽ ϰ٤  ֵ 𸣷"
486,
487, մ ¥
488, ↶
489,ʾ(ù)
490,",, 츮 赶ڰ ΰ̶!!  츮 ׵!!"
491,ȭ  ִ  : 츮 ̰  ־ feel   ٷ ȭǿ ϱ 
492, ̸ ԰ ־ ....... ʹ ݳ θ!!((ϳ  ʹ ߻µ
493, ߻.......
494, ǥ  Ҵ٤
495, ı~
496,
497,3000!
498,
499,.
500,ƴ ׷ 濵 ȭ
501,ʵΰ  ̹  Ҽ ? ̹ ߴµ 
502, ڰ ٽ ϰ    ƴ϶  Դϴٴ  ִ ĵ   κ  κ  θ ʽϱ
503,ú  Դմϴ
504, Ȳ ǥ
505,Żrھϱ  ׿ Ӹ ߿
506,Ż  7 Ĥ
507,""" ó ȸڳ ̷ ݰ ̾"""
508,濵    
509, 濵 ȭ ߵ
510,    ȭ ....
511,عععععععععع ̰ Űڳ
512,  񺸰 ˾҆
513, ̻ڴϵ餾
514,̤??
515, ǥ  ġڳפ
516,ʵΰ ڰ     (ι)߿ Ϲ i 
517, ȥ
518,"ȳϼ!!  Դϴٸ ƴ϶     ̶ Ȥ   ʳ..; ϴ!!   θ ϰ ְ  ɺô   䡸(ܡ)׸  ߺñ,  ñ ڷγ Ͻñ ȭ ؿ!!      , ׷ ̶ ñ ٶ鼭 ýϴ>< ñ ߺñ ٶڽϴ!!!!!(  !!!!!!!!!!!)"
519,ᱹ ߴ Ҷ  ¾Ҿ
520, õ뼺 Ҽ   ߿ ö麸 û ܿ.
521,Ǹ餻
522, ʹ վ  󸶳  ϰ ôµ Ǹ̳ 
523,ָްִٰٰ Ӹ 
524,̶ ڶ Ѱ ڸ  ڴٴ°ſ 
525,   ¥ ߻
526,츮 Ż帳 ϳ ΰͰ 
527,߰   ƴ » ?ްִµ 
528,̰  ߻ ¥
529, ¥   Ż 帳     
530,ش ٸ  Ѵ..
531,߿ ö ļ  ֳפ
532,߿ ֳ
533,濵 ֿ ȭ   ...?ϰ  ϴ...
534,մϴ:)
535, 12ȭ   ø ˴ϴ
536,"[, '汸 ' ,  ῡ ""ǥ ؿ!!!!""  մϴ.]"
537,̶ ڶ ߾?
538,Ҽ  а ȭµ    ̳.ȭ    ϰ   ڳ
539,ȳ ?? (ظ)
540,   
541,𸣰ڴ ̴ ̴ մϴ
542, Դϴ ֽʼ  Ф
543,߻ߴ
544, Ű򤻤
545,Ǹ Ӹ ٴ!!!
546, ߻
547, 7°  ʴ ¥
548,   ġ!
549,[]
550, ģ   Ż 帳  
551,99
552,
553,ʾ ö ̼ȭ ݾƤ 
554,"""""ڶ  ʵ "
555, 󸶳 °...
556,Ͽ ̸ Ȱڴ
557,ƴ٤
558,񺸴    O
559, ߻ ¥..
560,..赶ڴ..''ġ?''
561,  ź 
562,"Ḹ ,,,ڰ   Į   ־ "
563,ʵ  ѹ߸  ι ........
564,! ļ 潺Ͷ Ӹ ž ֳ!û ½ŷ!
565, 
566,ڵ   ߴµ.... ѻε....?
567,  ǥ  褻
568,ʵξ а ִ  ɿ褻   ȫȣ 2Ӥ
569, ...   ߶Ծٰ.. ȭ?
570,ƴ ¥ ʵ ׸....
571,  
572, ʾ  ԰ִ» 츮 赶 ƴұ?ΰ  忡 
573,̰  ׳ ʵ  Į ܴ ɷ 
574, ¥ ̴ 
575, ʵξ Ҷ ³
576,ʵ    ʵ ״δ   ǥ ǥ ʹ  ߴ 츮  ǥ ǥ ʹ  ߾ ФФФФФФФ ??????ͿͿ  ʹ Ϳ ǻǵФФФФФ
577,  ߤ ʹ߻̴ ̰пٰ..  ޿׸  ȳ   ̺θ°Ÿ ̷ ԵǴٴ  ׾ ̾  Ф  츮  ǥ ʹ   ?????? ư Ϳ!!!!!!!   ̰ ʹ ߻ Ѵ!! ̰  ʹͿ 
578,Ե  5⸸ ִٰ ֽǷ??
579,۰ Ż?
580, ʾ
581,õ뼺 ߳δ ƴϾ..?
582,  ʵ ״
583,츮 ʵ... Ӹ ....ʵξ...
584,濵 ΰڴ 汤͵ڴ
585, ̴
586, 
587,ىV ƈ  Ҽ  ΉV   ʵ ƴϿٴ° ԰ ־ןD̤̤̤  Ż ̝ ... ڰ  ︮° ... ƴ  .......
588,Ҽκе ̳µ ̰ ̷ 츮 
589,ó   ...
590,.....ƴ... ...  ø ϱ  ߻... ¥ ۰  ̷ ٸ ߻ ǥ Ͻô° ¥ ʹ ߻  ..
591,빫
592,濵  ڴ..
593, Mmm le k
594, ȭ°ž? 
595, ǥ ̶ ġ...
596, ȸ  ? 
597,  ߴٰ ȭ
598,Ҹ̴
599, 濵 ȭ   
600,   ̱濵 赾  ̼ Ҹ ϴ  ʹ  ̱ ?
601,濵 ʹ ͿФФФФФ̤̤
602,׷  ȭ    Ƿ ϸ Ƿ ׸...
603,", ׸ , 100θ ּ."
604,ο ڸ 濵 ì ڵ ϴϱ ٷ ޷ ~~~
605,赶ڰ  ܸ ƴϾ  ߻ٴ° ΰ ȵǴ ̴
606,  Ѵ ..... ¥ 
607,; ǥ  մ ~!!! ڻ ʹͿФФФФ
608,ä
609,  ִ 
610,ӸӸ ¼  ̷ ˾Ҵ 
611, ¥  մ
612,  Ҽ ΰ ¾?
613, ģǰ¥
614,",,,,,,"
615, ǥ ɻ٤
616,빫
617,"    ñѵ,,?"
618,̰ ȥڷ °Ű ճ
619, źδ̿  
620,", ʹ ߻"
621,ĳ մ
622, ´  û ߻ ׷ٵ ڴ....Ϳΰ?
623,  ġ 屺
624,   ù 1ҰŶ  ߴ 
625,߻..
626,濵 ° ȭ 
627,縦   
628,濵 ڴ ̳ ȭǺ 
629,ȭ  
630, ׳ ʵ  Ի 
631,ʵ  ׶̿ ʷ ˾Ҵµ
632,
633,  õ ߻ ׷  ޷?ּ
634,ѳ..
635,ʵξ ణ Ҿƺ޴µ 
636, ᰰ ͸̷ ???з
637,  ǥ Ⱑ ϳ Ĥ Ȯس  
638,Ƹ´ ʵξ ƴ϶ Ʈ󿴱<(ۡ)>
639,̰   վ ...
640,󱼿  
641,?..
642, Ķ ʵ ︮µ θӸ   ְڴµ?
643, λϴ 赶  ŭϳ
644,̰  å ּ    
645, ȭ
646,ʵ  ʵΰ մ  ڰŶ ߴV  
647,  󱼺ô ູ
648,ʵξ   ƴϿ
649,ְȣ ʵ 
650," ñ⿡ ŷҼ '  ' Class ôٳ̹ ø Ҽ 10ǽð, ϰ, ְ,  ŷ Ͼ巯 ũ ޼(~ing)̹߳  ڸ ֻ , 5  1, 3° 1.ѹα ͳ  ְ ս ÿ ΰ ŷ"
651,ݱ ȭ Ȱž? ? ?? ݱ ƾ? ϳ
652,    
653,ʵξ  ϰ 質  ˾Ҵµ..
654,  »  =
655,ʵΰ д  ǥ ű⼭ ؤ
656,Դ  
657,ʵ ĳ  ߾︰
658, ߿켼  ʹ!
659, Ż а ִ å   ε... ǥ  ̰ ?
660, ְڵ ο̴..
661, ʵ Ӹ?
662,츮   ʹ Ǵµ  ɸ
663,ڵ ߻ ... Ƴ..
664, ¥ ߻ 
665,...   ߻...;
666,赫 ʾ...
667, ǿ ع? ī? 纸 θī ˾ҳ. Ϻη  Բ Ѱǰ~
668, Ÿ Ҹ...
669, 
670, ߻?
671,ƴ ٵ åǥ r ī  ġ   ִ° ƴ?
672,Ƹ´  ߻
673, 縦   Դϴ  ϰ ǥƳ     ϴ  ˾Ҵµ
674, ڰ  λϰ  °ź    ° ¥Ϳ
675,ʵξ
676,̴ ʱ
677, ߻
678,ڵ  ġ...
679,ƴ  ǥ ġ  Ҿ
680,ʹ߻ ȶµ  Ϳ
681, ߻ 
682, ̶  
683,̹
684,????????????????????????????????????????????????????????????????????????????????????????????????????????????????????????????????????????????????????????????????????????????????????????????????????????????????????????????????????????????????????????????????????????????????????????????????????????????
685,ӸӸ   ִ å Ʒκп Ű Ű         Ű ֳ
686,48 ??? Ǳ׳  뤻
687,
688,   Ϳ  赶ڶ  Ƽ Ĵٺ°ź
689,  ε Ź ѳ ֳ
690,̷ ҾƮ ڰ ׷ Ӱ Ա....  ذ 
691,ʵ   ̹ Ȱ 
692, Ȥ    ȭ  ̴°Ŵ
693,ȳ     ǥ  Ȳ߾ ڸ ظ  ւ
694,"  ȭ,   ?? ϸ   "
695,  . 
696,   ̷ ߻İ!!!!!!!
697, ʱ 
698,;ƾƤ̤ ¥  մ٤̤     ̤
699,.̱.ϳ
700,ʵ : ʿϴٵ : ι
701, ʹ   ġ
702,׷  Ǿ 
703,񺸴   ҳİ 
704, 縦    ̰   ;µ̤̤
705,µ ʵ å ǥ  ġ س  
706, ߤ
707,õ ԰ -  Ծ( ??????????? )
708,Ϥ ȭ ʹ
709,ʵδ  ????  Դϴ
710,ʵ : ʿϴٵ : ι
711, ƴ٤
712,ʵ...̷  Ӹ ǳ濡 ¦ 質  40  ߴµ ФФ ƽ...
713,ͱ  Ϳ  ɾͼ  Ȱ  Ϳ
714,߻
715, մ
716,츮 ڱ
717,  Ƴ
718,Ϲģ ߻..
719,  ϵ   
720,ʵ   ñ ñ߾µ ̷ פ
721,ʵΰ дå  ñϴ ǥ Ϳ  ̰ ְ޸鿡 ϰԻ ڰ ߾ ī ٵ   Ż  (?) 
722,ʵξ簡 аִ å ǥ   ִٱ
723,å ī ó
724,̰ ڹ̵𿴳?
725, ̰Իϸ... ׳ 帣 ȴϴ°Ǿ? Ҽ Ŭδκ ư̰ǵ... 
726, ʵξ !
727, ..(?)
728, ô   ƴ϶^^
729, ƴ  ;;
730,ʵ  Ӹ 󸶳 ߿ ޾Ҵ.  Ƚ  λ Ȯ ٲ. ڶ󳪶 ӸӸ
731,īx ѽ߾ 
732,Ӹ   ̴
733,¥ ȥ̳ ̵  ʹ ѵ   ڳ 
734,  з 丮  ׿䢽 丮 ݹ °Ŵ  Ʊ б׸ ʹ ߱׸!! ^^
735, 縦...  Ű
736,ʵ..... ʳ    Ǵ ....
737,K
738, Ƴ줻
739,ƴ ʵΰ аִ    ׸ ġ ϰ ݾ 
740,ʵξ ܸ   ˾Ҵµ ǿܳ.
741,???: ׷~ ̴   ȭ ~
742,ʵ а ִ å     XX      ΰŝ
743, Ѹ  ƴϰ Ӹ
744,̷ 'ʾ'͵ ϶
745,󸶸  ̳.. ߻ ¥..
746,  ־  ..
747,ʵ      .߳Ⱓ    Ż Ŷ ߴµ.
748,  ڤ
749,??? :  Ƴ...
750,ƴϤ ʵΰ д å ǥ  ּ̤Ф   å̿D
751,ʵΰ   µ
752,...  ߸ ɷȾ... ...
753,  ߰    ȣ  
754, ΰ  ʰ ׸ 
755,Ż  Ҵ 
756,Ҽ  ʵ X ó ߴµ ϳ..
757,ϰ  ڸ  
758, ʵ  ϱ λ Ȯ ޶   ....
759, ̸ Ƹ^~^
760,ʵΰ ִ  » ߺ ġ  ФФФФ
761, ó ȸڳ ݰ̎L
762,.....Ѵ    ...Ƴ ֲ ߵȴ  ƴϾ
763,ƴ 츮 濵  ȭ ٰФФФФФ
764,ۿ ʵ ־  ʵ Ż ö ݿ   ϴ...     ܼ
765,Ż ۵ ڼ Ű ֳ
766,   ̳ 
767,赶ڴ  ְ  ǿܷ ϴ ̴?
768,赫 ʵ ʹѰ ƴϳ  Ӹе µ 
769,濵   
770, ~~~ ǰ߳~ Ѻι ~~ ~Ӹ? Ѻι ~  ! ñ! ϱ~  Һ κι~
771,ΰڽϴ
772,ʹ  
773, ¥  Ǹ 
774,Ȥ  Ҽ ȭ ƽôº ø ˷ֽ  ֳФ
775,  ༭ ׸̴~~  츮 ~~   ߻
776,̶
777,    ̰ ̰ ų̰ ״ ׳ ȭ?? 
778,ȭ    ƾ?!
779,ƴ ٵ  ӿ ü  ڵ ư ִ°?  °ž??
780,ʵ...Ф
781,δٸ ̳
782,..  ν   ƱⰡ ° ̴±...
783, Żġῡ   ſ ѾԴµ 
784,̷ ʾǳ
785,   .....
786,ƴ    Į  ܱ̿..???̤ФФФ
787, ̳
788,10   ׸ڰ  ε?
789,ȳ Ƥפ
790,Ż  ƴ϶ ߸ Ű 
791, λ!!ϴ°űͿ
792,赶 Ű 176  Ű 184  Ű 187
793,ʵ  Ҽ 鼭 ߴ ̹ Ȱ 
794,Ҽ 142ȭ   ڷ  а 358ȭ° ܴ ... ̶    ٵ Ф  ȥ Ӹ ϸ鼭 г Ф
795,赶 ɻϰԿ ʹϳ
796,  ߻ ߻屸... 
797,ʵ Ż𿴱
798, ʵ ⿡ ̳
799,濵 °
800, Ҽ ʾ ϱ  ʾ ճ  Ű      ׸   Ǵٸ 
801,ü 鼭  Ⱥ ƿ  Ȯϸ鼭  
802,ٵ ڵ Ű 180 ɰ  ̶  Ű 2ʹ Ǵ°   ڿ   ׷ 
803,ͤ ¥ յǥ Ӹ ° Ԥ  ¥ 
804,  
805,ȳȳ Ҽ ̻ϰ  ƴϰ Ϻη  ٸ ִ  ƴϳ?? ؿ ¥  ϴ ݾ ؼ  ̻  ִ  ƴ?
806, å ۰  а ϼ?̰ų
807,̿߿ ʵΰ ִ°ſ ġ Ƥ
808,Ҽ ʹ ̺þ.......
809,  Ȱ 12   ־  ̤Ӥ 77Ӱ 450ȭ   𸣴°... ä...?
810,... ٵ ణ ƽ Ѹ ߳(߳⵵ ƴϰ  30)   ׷.... ʵξ  ߴµ ״ ߳̽ó.... ǰ ְ ʹ  ƿ ۰
811, ó ȸ  ̷ ߻ ̾
812,ʵ Ҽ а ߴŶ ӸŸ  ٸ...?
813, Ϳ
814,ȳȳ ƴôϴ°Ŵ ƴϸ ׷δ   Ҽ  ε   󿹿
815,ó ȸڎL
816,  ܷܿ ﾦϽó Ͻ  ˾Ҵµ
817, Ӹ...̾Ƴ...Ż...
818,  縦 ''  
819,ϵؼ  ˰ִµ  ġϴٽϷ=
820,   .. ƴ ̹  ִ..
821, ۰ ׸ü 
822,ѹ ٱ Į °ͺ ȸ3ߴٴ°  ֳ 
823,Ҽ  о    ü â ϱ ٽ ġ Ѵ ׳ 뵿ܰؼ   ̻ ̾߱   ϰ ҷ?       θ  ޹İ Ǹ ٴ ڸ ؼ Ӵ   ̾߱  ̷ 
824, ׳ Ż   ܴ׸ ¾ƶ    Ѹ  Աٵ װ  𸣰
825, ļ : ٴϴ ȥ(ũ ȭ Ͼ˶)  : 赶 ƺ 𷫰 : tls123ȳ ũƮ Ŀ : ϵ ˼ :  迡 Ƴ ι° ̱濵 ļ :  2  ư ļ : õ 2 ŸƮнɿ 濰 : ȸ 0ȸ 賲 4  :   ļ : ƽ赶 ļ : ÿ    :   ϴ  : Ҽ    : 赶 ֹ Ѹ :  46 ó  Էڽ ߰ õȣ :  ±赶 Ʈ츶 :  Ŀǿ ߶ ־ б ڵ 
826,ڵ  ׿...
827,  󸶳   ̾߿ܸ ׸
828,....⼭   ϳ ѷ 
829,Ԥ ߻
830,ȭ   ̳
831,
832,¥ ƴϸ ǰ
833, 
834, ¥  ض
835,°Ŕj
836,. 
837," Ҽ  ѻ ڸ  ̴̾߱ ũ,,"
838, ؿ  մϴ----------------------
839, ʹ ƿФФ ˼մϴ٤ФФ...............................................
840,.... ̷ ͼ  ߴ ̹ ߳...     Ǯ⸸ ٸ ־  븦 .... ٽ Ű ؼ ׳  ߰ٴ...
841,Ҽ   ôµ  ..
842,................................    .........
843,"߻,,"
844, ° 赶ڰ Ѹ𷫰 
845, ۳ѵ ǰ  ݾƾƤ
846,  ͸ ߻ ϴ ְ ϱ  ʹ Ϳ ̻ڰ ̰ 츮  󱼷 󼼿
847,ʵ   Ĵپ˾Ҵµ ׳ 質 μ ̶ ĳͳ
848,ôߴٰ ׷°Ŵ ƴ?
849,¥ մ
850,  Ƥƴ  ϰ  ٰ 
851,.....׾...Ѵ..
852, 
853, Ϸ      մ;;
854,潺  Ż   ʵ...
855, ʹ ߻ 潺  Ĺ Ф~
856, ߻܋x...
857,kwon ƲȾ Ҽ̳ ٽ ͤ
858,ƿ    ȳ? 
859,̱  Ͼ̴...ڴ  
860, ƹ   Ӹ װ  ׷ Ǵ ̷  ʴ°...
861,ʾ <<  ¥ F̶ ̹ ø  
862, 濵   ƴϳ? 
863,    õ ɸ φ
864,ܴ
865,
866, ⸦ հִ°Ÿ ߻
867,׿߿ Ʈ1 ļ  ...   տ  ȭ Ƴ εܸ´° ¥ 
868,¥ ̾ ФФ  ȸ ѳѳ ̛ǤФ
869,åǥ ٿ ɸ Ӥ  
870, 餻
871,濵 ΰڳ 
872, 
873,ʵΰ  å ǥ ¥ ̹ ȭ ʴ  ϰ 褻ť̤ ʵ Ҽ  ణ Ǿƿ  ǻ縦 ÷Ⱦµ ӸӸ ...Ф ̴    ູϴ °   ߻°ŰĤФ
874,פ
875,ʵΰ  å () ϼ?(Ż)  7 ŰŰŰ
876,  
877,ʾ Ƿ翧 ʵ Ӹī ǳ   Ȯߴµ ڿ
878,ε!
879, 赶  Ƴ... 赶   Ƴ...
880,ش г ۰  ɷñ
881, 츮  Դٱ淡  Դ !!!!!!!
882, ̰......  ݵ ߻..
883,ư   ;
884, 濵 2° ȭ    ִ ̰ 
885, å ǥ..  ̻ѵ 
886, ٰ ȭ 
887,    ִ° ī  ׷پ˾Ҵµ   Ϳ 
888,縦  Դϴ ǰ 峭 ġ  ˾Ҵµ ϳפ
889,  46 ó   ǵ帮  Ű..  ߺ Ǵ Ȳε   ̾ غ1. ļ   ̾. ȭ ٽ .2. ʵ  ź  ν 3. ʵ  ɿ4. ʵ ڿ?  ˱?5. Ż  ڶ6. ׳ ̰;
890,"Ҽ  ְ а, ȭر   ȭ鵵 ִµ, ô    !!!!! տ    ִ ǰ    ǰ."
891,ƈ 縦 a  ̳ ģϰ φ
892,ʊb̸   󸶳  ΰ ߴµ 밡  .. غ..
893, Ⱦƿ
894,޶ 
895,  ߻屸
896,ƴ......ʵξ...츮  Ҿ...
897,
898,   ߻  ȥ
899, ʵ Ҷ 簡 ƆǾ?
900,̰ ϰᳪ 6ɸ
901,ʵ Ӹ  ̼  ̴ּµ ٵ  °
902,6°   ;; õ뼺 Żΰ ϴٴ...
903,..̷ 丮   ó  ̶ ʹ մ...   ̴ ׷ ?? 
904,Ե Ҽ ົ  ົ  ´
905,̰    ߴ   Ʈ  ȭ ΰ
906,ʵζ  ǳ л ڶ  Ȱ ƺ°  
907, X  Ƽ źϸ  ޹ް޾Ƶ帮   䱸 𸣴ϱ ֿȰ
908, ī 
909,  縦  ϴ   
910,߻
911,ȳ  ϴ  ŭ߶ϴ ļ
912, åǥⰡ  ݾƤ
913,翡 ׶̼  ø  ǳ? ʹ ۰Ÿ׿.
914,  ....׳ ڶ  ͸ ȵǳ
915,  ʵδ...  Ӹī  ִٰ ߴµ..ŭ..
916, 赶ڷ  Ϸ ѰŰ
917,     ٴ  ʵ 
918,  ʵξ  å     ̶ ġ 
919, 縦   Դϴٸ ڿ ̷ о..
920, Ӹ ϰ  ųİ  ε 
921,ƿ  ٷ ܿ    ٽ    ٰ..?   ź
922,ȭ ΰ Ҹ ȯ?
923,ʵΰ å...    ˰Ű...
924, ׳ ȭ  ̾߿췡 ´ٱÿ!!!!
925,  縦  Դϴ
926, ̾  Į  !!
927,ƈĳ ⣟վ ϰ ִ ε ʹ Ǥ
928,Ǹ Ӹ ׸
929,   ̶ Ϸ  ƴ? ¥ 
930,ʵ  Ʈ԰ 尣ó   ˾Ҵµ ׳ Ҷ;;
931, 
932,濵 ȭ    ±... ° 
933,   پִ ھ  첮? ڽ  ϴ   ̷°...
934,赫  赫 ʹ Ծ
935,ɱ ڸ 
936,Ϸµ 
937,ʵ å   
938,   Ƹ 赶ڰ ڱ    װ  ȳ ó Ĺݴ  Ǿ ȴٰ ߴµ ĥ Ÿ   ƴұ 46 ó ó  Ŷ   Ƹ
939, ʹϳפ  
940, 󱼰  簨 ʵ Ӹ
941,    ȣ  Ƿ翧 ƴѰ?
942, 縦 Ѥ
943,ٵ ͸ Ժ ƴѰ
944,  ְ ФФФФ ⵵  ڵ Ϳ ¥
945,¥  û ߻
946,ʵΰ аִ  Ż  7 ΰ
947,ȸ : 縦   
948,.... Ƽ ʹ~
949,....?    ǥ.... 10 帣 «   Ŷ ġִ....
950,   Դ 
951, ȳ
952,ʵι
953,̹    
954,  ʵδ    ̿µ...
955,̹ Ӹ ĳ > 帳
956,
957,濵 ڴ ¥ 
958,
959,Ҽ ȺôٴϤ󸶳 ε
960,ٰ ˺ ̴°ź󤻤
961,ʾǼҰҶ  ȭĤФФ
962,  ߾ 
963,Ҽ       ٻٴɱ۱(?) 鼭 پ˾Ѵµ ϸ鼭 ϳ ¥ ʹ    ߻夵̤̤̤ФмҼ   ϴ ȭ  ϳФФФ̤̤
964, ٵ ʵ    д åǥ  °žߤⰡ   ݾƤŹ Ƴ?
965,
966,ڤ߿   ̸ĪҰ ϴσ
967, ril 46 ó  ȥ  ڰ ְڴٰ    ٸ   ߴµФ  ƴϿ ʿ  Ҽ Ⱥ    
968, ö   ֳĤ
969,赶 פ
970,ʵ  ±.. ߴ ̴̻..
971, '' ó ̴µ ׷   Ϸ ׷ ڱ >̰  Ҹ<<
972,  ???
973, ܟD
974,   Ϳ 
975,ʵ ¥ ߴ ̹ ״!! Ҷ !!   ƺδ!!
976,     ̾????
977,Ӹ ϰ  ʹ ݾ Ф
978,Ż Ѹ  Ż ϴ° ʹ ۵ ʹ  
979,  ڴ ̸ ȉդ    ݾ..?? 
980,ֵ鴫 ´
981,д ׷      ־...  ֽø ϰڽϴ
982,???
983,iiļļi ¥ e 
984,[ڶ󳪶 ӸӸ]
985,ȳ  Ҷ Ҹ  
986,縦  ع 
987,  Į ƼŰŸī ϴ°ž?
988,  ?
989, ƴ??  Ϳ ̰ ׿ ġ ǥ̴٤   46 ó  ڶ ٻ ؾ Ǵϱ ǵ帮פ
990,Ӹī  ߴµ   ֵθϴٴϤ
991, 
992,Ե ̰ Ҽ   5° 500Ѵȸ  
993,OOO  ׸ض
994,ƴ   󱼷 縦 ߵ̤̤
995,潺...  ߿  ᰡ ˴ϴ..
996,  ݿ ôϸ ĥφ
997,縦  ߳뤻
998,    Ұž  ڵ
999,Ҽ ʼ!
1000,  ī򵷱 ӤФ̤?? 
1001,߻....
1002,ô Ҽ̶   Ȱ  ʳ??
1003,  ʹؤ
1004, 赶 Ϳp523ȭ Խϴ.̰ ȸ  ʹ ؿ¥...ø дϴ... Ż¸......
1005,ٵ Ӹ ..
1006,..߻...
1007, ¥ ̰ ʹ յФФФ
1008, ħ
1009,Ҽ ø  29ȭ 63  ø ɵ ϳ׿
1010, ۰ ȭϸ ѳ ູؿ..
1011,ü  ױ淡   ־   ƴϳ..ťФ
1012,ȣ ׸ ΰȣ ׸ ΰ
1013,  θ Į 
1014,  󱼺  ¥  ƴ
1015,ʵ  å װ σ
1016,Ƴ¥߻
1017, ̰ Ҽ  ȭΰ .. մϴ ΤФ
1018,  ֱ 
1019,ٵ  źδ̾? 츮  źδó  ԰ ٴϴ°
1020, ߻
1021,ȭ ǥ  
1022," 縦   ,,,,,,????"
1023,40  簡 ̴±..  ״ξ
1024, 縦      ٵ ߰      Ϳ
1025, ģ  ̸ ġδ....
1026,  Ϳp  Ҽ  ִµ ణ  ´  Ƽ װ ƚ սϴ
1027, ¥ ̾߱ ƴϱ  ġڴٰ̤  츮 ܸ Ǥk   ͵   縦   ׸̶  ϱ   װڰ  Į ̴°   ƴϱ ʹ ְ Ҽ  µ 濵 ȭ ְ ; ġڰ ʵ  Ǵ ƴϱ  װڳפ ƴ ٵ ʵ  Ҽ ׷    ߴµ .. ...   ..  ׷   
1028,å а Ͻó?
1029, Ф  ¥  ȳ°ž!!   û ׸.....  ϳ׵  ܰ   
1030,ʾ  ־̴µ ݵ ȳԳ
1031,....⼭  ǵ?
1032,ʵΰ ִ å ¹ ׷  ġݾƤ
1033,濵 ȭ 2° °ųĤ
1034,  Ƴ
1035,۰ ȭϿ ø ϵ  ö ?
1036, ¥  
1037,赶 ¥   ϴ٤
1038,Ҽ ȭ ˷ִ  Ƕ ˷ָ  ϱ ԰
1039,   ¼ ȯ 
1040,ڤʵΰ   ǥ ġİ
1041,θӸ Ӹ ǵǵ ...
1042,Ű   ʹ
1043, Ŀ ̿ݴϽô  츮 
1044, 縦  
1045,ģ 񤻤Ӹ ϰ   Ƴā줻
1046,ȳ  ҋx 츮 赵  ƴٱ...   ų Ϳ.... Ҽ ǳ ňň  ȭ  ԵǴٴ ູϴ
1047,߻¥
1048, ڽ....õ  ߻屸 ְ...
1049, ܤ
1050,"[ , "" "" ȭ """" ٶ󺾴ϴ.]"
1051, ôϴϱ پ ϶īפ
1052,  ົ ´!!!!!!!!!!!!!!!!
1053,  ģ פ
1054,ֵ̹  Ѱų...?? ۰ ...   ɷ...
1055,å - x    åǸ  ö  ϰ    ΰų  - Ʈ2033
1056,!!!!!!! !!!!!!!!!! 츮 ġ!!!!!!!!!!!!!! 츮 ΰ ġ!!!!!!!!!!!!!!!!!!
1057,ʵ д  ǥ     ī򵷱  ִ 峲̰   ġ   ־
1058,Oʺϱʽźοʾƴ?
1059, Į ع..
1060, ȵŤؔj
1061,öڸ Դµ Ʈ 
1062,!!!!!!! õ ̸ ϳ!!!!!!!!
1063, ͸ ׷ ڿ   ϳ   ³ õ뼺 Ż ϰ
1064,
1065,ȭ °ǵ  ó ο...
1066,  Ǹڤ ӸӸ 
1067,ʵ   ñߴµ   ¾ұ
1068, ʵ ¥ ϴ Ŷ Ȱ ְ
1069, ΰ ̸ ʵ ״°ž?
1070,Ӹ Ǻ:ΰõ:  ׳ ʵ
1071,  õ뼺 Ҽ     ִ 
1072,"Ҽ  Ҽִ°Ŵ.    ߻ ,     ؼ ¥ϱ մ°Ű. ׷    ̶̻ Ҽ Ǵ κо  ʿ ع°Ͱ "
1073,ʵν å а Ű..?
1074,  ʹ  ФФ
1075,:Фг Ф
1076,ʵ å  ̶ ġΰ
1077,ȳ  Ҷ  ǥ V ʹ õ ? ׷ 
1078,  ϴµ ׷       ӸȰ Ƴ...
1079,å »  ΰ ̾ 
1080, ߻ ɤ
1081,   赶ڰ  ֳ  ڿ 
1082,ź Ѱ ̿  ۻŰ  ׷
1083,"츮 ʵΰ """" ڶ ׷ ϼ!"
1084,  ...
1085, 縦  ݾƤ
1086,..! 帮 ..! .. ô! !
1087, ʹ հ ФФ Ҽ   ٵ
1088, 縦  ϴVڿ Ƴ
1089, bl帳  ....
1090,ƴ   ι ̸  ô
1091,߻ 
1092, ^^ ڶ ع
1093,ʵ  Vť  ̸  ִ°ǵ
1094,     
1095,ȳ   
1096, Ӹ ִ å Ż   7  ?
1097, ǥ   ֳİ 
1098,ʵ Ӹ 質    ˾Ҵµ  ֲ ھ ߻
1099,  !!
1100,ʵΰ  ִ    ö ֽϴ=...???
1101,ʵ Ͽ    ɸ͸ ߴµ   ߳ Գ..
1102, ...   ϰ ȰͰ
1103, ļ þϴ  µǷ ׷ȭ µ
1104,  ǥ...̰...ϱ...
1105,???:! ִ» ̱¹! ΰ ģ ΰ̶̾߱Ⱑٸ
1106, ̰ ĸó ϴ  ٴ ʹ ƾ
1107,...ö̶  ʵ..  ʵδ ̰ ƴϿµ???Ҷ  ϴµ????׳   ݾ?????̷ ִٰ   ȵ...
1108,Ӹ ٰ  ..
1109,zzzzzzzzzzzzzzzzzzzzzzzzzzzz
1110,Ĺݿ bl  
1111, 濵 ̹  Ȱڴ
1112,ڵ  ϳ׵ Ҽ鼭 ̶ Ȱ    űϴ  ȭ Ȱ ?
1113, ƴ ̷ᰰ   Ҽ      
1114,Τ
1115,̰   ҹ̰  󸶳 ٷȴ ƴ ̰
1116,̰ 󸶳 ߻ Ծ-??
1117,ʵ а ִ  ƹ  
1118,
1119,Ҽ ̰ ٰ   ڴ 'ȥ   ´' ߴµ ¥ 󸶿...
1120,...?  ...? ġ??
1121, Ƴ
1122,Ҷ̰ ¾Ҿ..
1123,ʵ  ѰŶ ʹ Ȱ 
1124, ʵ Ӹ
1125,...ʵδ ''   ĳ;.. 
1126,ƴ  ڰ ȳ  Ҷ ʵΰ װŸ ݴ   װŸ 
1127, ൿ Ϳ 
1128,ڝ     縦    
1129,"ٵ  ̺    ̾,,,,  ׷׷  ܶ"
1130,ٵ ʵΰ д å ǥ  ġ ƴϳİ
1131,濵3ָ ȭ   
1132, ʵ   縦  
1133,õ뼺 Ż ߹뿡 Ʈ ְ  ϴµ   ׷Ա 丮   ġ° ƴ϶  ...........?ٵ  ɸ  ô!
1134,濵    ڴ  Ф
1135,  ܸͺ ʵ Ӹ
1136,ʵ ¥ Ҽ  Ŷ Ȱ פ Ӹ 
1137,å Ż  Ĥ
1138,"ʵ "" ̴."" ϴ ĳ  ˝дµ"
1139, 
1140,ȭ ƴ϶ ȭ 
1141, ¥  ̸ Ѵ
1142, 󱼷 ȭ 
1143, õ뼺 ߳b
1144,¥߻ԿְͶְ;
1145, 縦 .   ̱..
1146,  ص
1147,ư↶
1148,   ȳ^^   ̿    ^^   
1149, 󱼺 기...
1150,õ뼺 Ż   ƴ?װ 丮   Ѱ?
1151,׿߿  ߻
1152,̶ 赶󤻤  ʹ ظ ƴϳā줻
1153, ¥ 赶 ġ  褻
1154,  ӵ 
1155,
1156,ġ
1157,
1158,ʵξ дå ǥ ڲ ü Ѱܿ䤻
1159,ƾƾƤ
1160,̿    ߴٰ 
1161, 󱼺  Ű ȾƱ
1162,縦 κ ģ   °ž 
1163,ô޾
1164,  Ӹ ɷ  ׷׷. å  ̶?
1165, ĥߴ
1166, ȳ?  ȳ?  ȳ?  ȳ?  ȳ?  ȳ?  ȳ?  ȳ?  ȳ?  ȳ?  ȳ?  ȳ?  ȳ?  ȳ?  ȳ?  ȳ?  ȳ?  ȳ?  ȳ?  ȳ?  ȳ?  ȳ?  ȳ?  ȳ?  ȳ?  ȳ?  ȳ?  ȳ?  ȳ?  ȳ?  ȳ?  ȳ? 
1167, 
1168,... ... ۿ ߻ٸ鼭..  '' ߻ݾ!!!!!!!!!!!!!
1169, ¥ ģ ˰ڴ ¥  Դµ ƿͼ ٽ ޶پ
1170,?     ߻????
1171,ǿ Ʋٴ
1172,
1173, ׷ ʵξ Ӹ ƴ ˾ҰǸ ׿߿   ƽϱ?
1174,ʵ ö Ӹ Ǻ   ʾ
1175, ¥ ߻
1176,ȳ  Ƴİ
1177,... ¥  󱼺 ι.... ¥   ü
1178,¥ƴ٤ 
1179,ΰ ȭ  ش޶
1180,잱
1181,ƴ å ġ  ݾƤ
1182,
1183,Ʒ ;; Ե鰰   Դ°  
1184,  ڶ ̰ ͸ ڴٴ  Ѵ...(  ۺ ø )
1185,
1186,ʵ    Ż  7  ī  ȭ ǥ  
1187,ʵ  Ѵ ٳ߿  ־ 
1188,̶   ٸ  װ־ ׷
1189,̰ ä
1190,ƴ ٵ ߿ ʵ а ִ å ǥ   ־
1191,", 2Ű ϸ 츮  ູ   ֽϴ! 츮  ø  Ű ô!"
1192,
1193,  ڰ ȳ  Ҷ ??
1194,
1195,
1196,߹  г ߻ ФФФ  
1197,ƴ  Ű ص Ҽ
1198,濵: ׷ ȭ ..?
1199,ʵ  冶
1200, 
1201,... ¥ ߻
1202,ٽ  
1203," .... ""Ż""  ؼ ׸ ̾߱  ʰڴ...??"" ""   Ͻǰž...."
1204,ó ȸڳ𤻤
1205,ƾ..Ű3ְ 100ֱ淡2 ̰ź ̷ Ű źߵ  մµ?
1206,  ߻
1207, ִٴ...  Ϸ ߳?
1208,» ̤ ۰  ʹؤťФФ  Ĩ̴ ̹ ġ  Ҿ
1209,̰  ݰ     Ű   ƴ?   Ͷ
1210,
1211,ʵ  Ӹ ʹ  ƴϾ..? ó ̶ ߴµ Ƿ ..
1212,...ʵ...ڶ󳪶 ӸӸ...????
1213,ƴ
1214,ƴ ʵΰ аִ å ǥ   ƴϳ..?          
1215,...縦......
1216,ƶ?
1217," ,,, ߻⵵,,,,"
1218,    ֆ ڡ ɹ ʹ ٤
1219,ʵ 츮 ƺ   ľ  ҽ 
1220,    
1221,     ° ϰ פ
1222,     
1223, ʵ ƴѵ ʵζ ׷   ƢͶ ߹
1224, 帮  ʹ 
1225, 
1226, ʹ ߻  ...
1227,ڻŰ 
1228,ȭ 泾 ̶  Ŵ
1229,路Ѥ菉ňňň 츮  ߻
1230,    ߻   ̤¥Ĥ̤̤
1231, ΰ袽
1232,۵ ʵ Ӹ ° ̳   ׷ 츮 濵 ȭ  ϴݾ   åž???
1233, 󱼺   ʾƿ ۰ ʹ ƿ
1234,30ȭ  28ȭ ......
1235,  ߻..ʹ ̶ ؾ ־.. ۰  ʹ ̻ڳ׿ ణ.. .. ǻ ġڸ  賲 ⵵ ϰ..?? 
1236,  
1237,... ̶ ڸ   ..
1238, ߻¥
1239, ǥ Ǥ ġ ӳİ 
1240,󿡼 Ϲ ߻ Ƕ̴
1241, ۵¥ 
1242, ޹ פ
1243,̰  Ҽ   ڹ ε ̰ ڹ 120%ݾ???
1244, ʹ վ 
1245, վ
1246, ¥ ߻;
1247,̷̳δ
1248,ļ
1249,=ù̳赶=¹̳
1250,ļļļi ռ
1251,ʵ ߿ д  ǥ Ű澲
1252,ƴ ׷ 濵 2ֵ ȭ ٰ  ݵƤ
1253,"ϸ̆r "" ġ !!"" ʹ Ϳ ̤Ф̤Ф"
1254,ȭǸƼ ȭ?
1255,  ɹ ʹ ٤̤ 츮  Ѵ!
1256, ǥ ʹ Ϳ̤̤
1257,  ̸ ߻...
1258,ʵ ... Ż...
1259,ڤ
1260,ù ߾  ̳.
1261,ģ   ġ ..
1262,  ͵ ߻ ̫޾
1263,ǥ: ӸӸ 
1264, ϳ Ű  ФФФ  Ű ٰ
1265,Ŭ ҽ֤
1266,  ʹ Ձ줻
1267, 
1268,ƴ ƹ ʵΰ аִ  ġ ġ ޾? ?
1269,ͽù
1270, ¥ ڴ٤
1271,  ʹ մ
1272,
1273,  ߻屸~
1274,
1275,..  ȭ 󸶳 ٷȴ ʹ Ƽ ִ
1276,  
1277, 츮 ʵ ڱⰡ Ӹ 
1278,ʵ.. ¥ Ҹ ̳ 'ڶ'  ?
1279, ̰  پ˰ Ƴ Ű ΰ   ФФФ
1280,ƼŰŸ
1281,ڡ
1282, ھ ʴ  °͵ ̻ڰ ȭ ͵ ̻ڰ ̻۰ ... ʹ 縢 ھ.. ۰ ؿ̤̤̤ФФ
1283,뤻
1284," ʵ å Ʈ ׿! ī򵷱, ,   "
1285,ŭϰ  ̼  赵¹  ⿱ ܹӤ
1286,۰  Ű ǹְ  ֽʼ. Ź帳ϴ
1287,ΰ 縦 ƹ  Ŭ
1288, ߻!!! ٵ 츮 ڵ ʾ!!!!
1289,  ¥ մ
1290, ʹϳ Ӹ ϰ  ̷;; µ ׷  ǳĤФ
1291,ð~
1292, õ뼺 Ż Ϸ 
1293,˰  ʹ ƿ 
1294,   ִV
1295,...԰ ƾ̤ Ű иڳ
1296, ϱ  ߻...¥
1297,2200
1298,99
1299,
1300, ũ 
1301, ̸⳻ƾƾƾƾƾ
1302,
1303, N  赶 ƼŰŸī ʹ ƿ
1304,  =  츮 Ӵ = = Ű~  ..
1305,  ̸
1306,  ΰ  ƴ?
1307,     +ī      ġ  ֤ťФФФ
1308,ʵ ִ  j   
1309,7°  ʾ ¥..
1310,  ڰ  Ƣ  ϴ° ʹ. ¥ ̸ ϴµ ֺε   ; Ф      2Ŀ ָ ȵǳ?ڸ ϴ Ƣ   ˲ ġ~?
1311, ;Ф
1312,ϴ ϸ  ü  ϸ ƿԴ ̴ϱ?
1313,   ¼...
1314,  .  ߻
1315, åε ü  Ф ̷ а
1316,Ƥ  ʹ Ƥ
1317,˰  ֽó׿ ĸ ȸ 
1318,  ġ  ģ    ٵ  ߻...
1319,
1320,ƴϡ ¥ ᰰ!
1321,ʵ å...  ó ̶..
1322,   
1323, ͵ ε ..̰..Ⱦ ߰ڴ..
1324,Ҽ 551ȭ 3Ͽ 1ȭ 3551=1653 551ȭ 7Ͽ 1ȭ 7551 3857Ͻ̼ ۰ 10  ~!
1325,׾ İ KKKK
1326,ʵ Ӹ ̶ « ԰ڴ..
1327,ȭ 濵 °
1328,     ? ¥ ߻ ڸ Ŀ ڵ ߻ٰ ϰ ־µ ̶ 񱳰  ǳ  ȭ ¥    Ϳ   վİ
1329,   ġ ̳ ?
1330,???: Ƣ 
1331,濵 ȭ  3°  ־??
1332,ʵΰ аִ  ' ' ǥκп ġ  V 츮 ġ ..
1333,        縦  ־
1334,ȳ ?
1335,Ʊٵ  ƿ ڱ ȭ ° ıΰ?
1336,
1337,󱼷 ߿  ϴϤ
1338,ʸ ٸϴ ...  ñ 
1339, ܸ ȭ ¥ 
1340, פ ̻.. δ.. ̷ ݾ
1341,   ߻
1342,  
1343,?? :   ?
1344,濵 1ϵ ȭ ..
1345,ƾ    ƾƾƾ
1346,     ٷ߰ڳפФФФФ    ״ٰ ϰᳪ ָ ڴ..
1347,Ű  Կ  ̸  ÷
1348,濵  ٸ ٶ㸶 ¦ پִ°  Ф
1349,???:ݾ μ 
1350, ʿϴٴ  ʹ ̴ ʹ վФ
1351,׷   ʵδ  ݴӸ 
1352,ƴ  ְ ̸ ФФФФФФФФ
1353,¥ Ű    ϱ ȭ ;...
1354,   Ϳ ťФ
1355,  Ŀ
1356, Ƴ
1357, ʾ  ȸ  ޶ Ÿ ʾ ƴ϶ ׳       ƴϳĴV
1358,潺 ? ̸ Ű° Ѵٸ鼭 Ӹ ذž?
1359,  źδ    ԰ ִ ſ?  ΰ? 
1360,   ؿ!
1361,  ϴµ .. Ŭ  ôϸ鼭  ϰ ֳ
1362,ФФ Ƥ̤Ф  ̤Ф
1363, ФФФФФФ  鶧 ѹ  ϰϴ Ф
1364, ڼ     ڸ     
1365,  ƴφr
1366,
1367, Ϳϴ.
1368,Ƴ  ġ ڳ  
1369,ʵδ  ߴ  ̴٤
1370, ĥ..
1371,¥ ʹ մ..
1372,ۿ  ̴ ߷  ǰ 츮 ڴ ɷ 
1373,̴......
1374,chl   ġ 
1375, ¥ ߻....
1376,...ʵ ¥ ߿ 10ȸ 뿹   ...ó  ڵ(?(
1377,ȭå     µ ̸ ȵɱ 
1378,     ð̴ϴ
1379,ƴ   °ŝ   ˾ҳ 
1380, » ǥ  ƴѰ?
1381,ưڤڤڤߤޤϾ
1382," ϴµ ּ 10̰ ׻̿ ,ȭ,ִϸ̼ ۵   ĵ ̷ Ǿִ´   ´ Ҽ ּ ۷ °Ŷ  °Ŷ Ȯٸ Ѵ ׳  "
1383,̳.. ȭ ....
1384,մ
1385, ʵ   ġİ 
1386,ش ȱ׷ ɸ  ε  Ը  縸ŭ..?
1387,۰ º ϰ  ƽ??
1388, ܸ ϴµڰ縦ߴФФ
1389,ƴ   ڹ̸ ߻ٴ ۿ  ڴ°? ̰   10 Ѱ   ߾ ڵ Ϳٱ
1390,λ ְ Ű  뷫 3޸ Դ
1391,̸ ̸Ⱑ ʿؤ
1392,̰    ǰִ
1393,̸ ̸Ⱑ ʿ ġھ...
1394,...    Ŷ     Ѱ ... ʹ ....
1395,׿߿ ʵ д å ġ  ִ° ƴϳİ
1396,ƴ ʵΰ а ִ ǥ ڼ  ߤФ Ŵ޷ ִ°    
1397,ʵ  ״γפ
1398, ߻
1399,"   ʵΰ  δ   ڴ ""Ȯ Ǵ α⸹ Ÿ̴""    ־䤻"
1400,ƴ ¥  ܸ ڸ Բ  ׸   ϴ
1401,[̸:xxx                             ][Ư:Ű1Lv              ][ļ:õ         ][:Űȯ1Lv              ][:Ϲ(?)̴.]
1402,׷ ȭ 
1403,ʹ վ 
1404, ʹ ϳ..  ̷ε ¿   ڱ  ¥ ٳ ϴ  ¥ ٴ  ̷ ȴµ   ..
1405,  ݽ    ʹ   ۰    ־..  ǳ⹮ ...!
1406,ť մ٤
1407, ¥ 赶 ʹ Ƥ ̶ ĳ  Ĥ
1408,ȳ !
1409, ó ȸ͟󤻤
1410," ȭ  Ȱ ִ. и 츮 ΰ ڴ  ǥ ε, °  Ĵ "
1411,鼺´ ȭ    ־
1412,ö  ļ  ֳ ѹ Ѹϴ° ƴϾ
1413,ϰ   Ҹ
1414,̷ °ű ̸⿡ ̸Ⱑ ʿմϴ.
1415,ʹ վ  ... ^l???????????????   (? ? ?? ) ǻ Ф 
1416,..?
1417,ʵ å ΰ?å̸ »
1418,~   ؿ ׸   ̳?
1419,ʾǤ Ҽ  ȸ  ٲ Ÿ ׳  صǴ ι 10 ̶  ־V ʾ̶ Ī ڰ ΰ ƴұ䤻
1420,夻 ԴVô߾
1421,˸ ȭ
1422,  ̸ ߻ .. 
1423, °  ߻...¥ ߻ ǻȭ  cg
1424,ȭּ
1425, 󱼿 ̳..
1426,ʵΰ ִ    ִ°͵ ġ ... ġ  
1427,ۿ 赶 ߻! ǥ ݹ Թ üٹ ø ̸ ̾ .. 
1428,赶  ʰ ߻µ ;;;
1429,¥ Ҽ ѹ  а ;ߵǳ   Ҽϰ  а ;׿...ť
1430,ʹ  մ....
1431,ٵ  °Ǳ.... ̺ ڰ  ߻ ФФ ̰ ĳ̾... ڴ   ġ ε...  Ƴȸ Ȱųİ...
1432, ... մ...
1433,Ҽ а ø ߴ ''  ĳ  帻ñմϴ.( 3ϸ 551ȭ  о >.o)ƹư  ....   Ź 
1434, ?
1435, Ǹۿ 
1436,"ӺҼ  """" ž?  BLȭǾ!? ѽ"
1437, ʹ
1438,¥ Ű ϳ  Ʊ ۰  ...    ϰ   ð ϼſ̤̤
1439,ȵ .Ф
1440,׸  ʵ ʹa 츮 ֵ  ϱ ׷ :3c
1441,  縦    ߾  ϰ ϳā줻
1442, ó ȸڳ̎L
1443,赶 鼭 ߻屸 ߴµ  ¼ ߻ ƴ 赶ڴ ûϰ  ̳
1444,̸ : ̸   ִ.̸ : ̸   .
1445,ƾ...ƾ.... Ű  ƿ ּ...
1446,"[, ̷  ڰ Ͽ Ű ϴ]"
1447, νΰ ó á  ̶? 
1448," ¥  ̰ 赶ڵ 赶ε   ƴ , ϸ鼭 濵 ϰ а  ջ ִ Ʊظ ̰ ʹ ͿܤФ"
1449,̰  ؿ ֳ ?;?? ? ??? 
1450,ʵ Ѽ ƹ
1451,?  Ʈ ƴϳ? Ҽ ǥ ߸Ȱǰ?
1452,ȥ Ҽ ϵ ڴϱ  ٸ ø ϵؾ
1453,ü κп ̰ ڱ  Ƽ ͸  ɵ..
1454,"ȥ , ֹε ô ¹̾ ׸ Ҽθ  1  Ҽ  ȹ  ö Ѵٰ? ߽"
1455, ġڳ   ɹ   ʹ٤̤
1456, Ҽ  Ͷ  ǳ? 
1457,..ʵξ  °...
1458,ȥڸ .?
1459,赶 ٵ  ƴϾ   Ǹ  ̾  ... Ӹ ι ϰ ġ ΰ¼־Ф
1460,     ۿ   ȭ
1461, ׾
1462,   Ƴ ¥ پ  ߻      ׷     ;  Ű ̰ 󸶸̾  ڶ δٴ  پٳ  ȭ ȳ⸸ غ ¥̤   ʹ ߻ ʹ ̻ 츮  õ  Ű ūź  9̾    ̷ о  ְ  츮 ڶ   ٳ   ٳ  츮   ɹ̰ ʹ ʹܸ̾   Ⱥ ҽϴ ̼  츮 ۰Ե ؿ 츮 ̶   ׷ּ   Ѵ  ¥  츮    ׳ Ͼ ̱ ߻ٰ  鸸 ְʹ Ī ֹʹ  ׳  װ ϰ;...
1463, ģ
1464,ȭ ŷƳ
1465,̰ǽŰ
1466,  ̺ Ǵ° ڰ  д ų Ŷ ׷ 
1467,ϸ Ű α    
1468, ȴ????
1469,..  Դ...
1470, 
1471, Ű ߱פ
1472, 縦 Ѱ 
1473,ھ  ʵο  ʾ Ѵ!!
1474,̴ ְ ǳ ̺ ǳ ȥڸ ǳ..<>̰ ٰ 
1475, 縦  Ѥ
1476,ùٷ  뵵 ׷  ׷ ̫İ ٵ餻    Ż  ġ ϶  Ӹ ϰ ФФФ
1477,Ű 2 帱״ϱ ȭ ּ ٷ
1478,    ׿
1479,¥ ΰ ϸŰ;... ʹմ
1480,ش 2020
1481, ʹؤ
1482, Ű
1483, ٰ ٷ ߲ϴ   
1484, Ȳϴ   Ϳ
1485,ģ  Ƴ  ........
1486,¥ ʹ մ..
1487, Ű 302ȭ ô
1488,׳ Ű
1489,õ뼺 Żΰ ε...
1490, Ŭ źγ
1491, ش õ뼺    츮 濰̶  ü   𷫰   ¿
1492,¥ ʹ ־ФФг̾ߤФФ
1493,Ѹ մ
1494,ʵ  ѰŶ ٸٳ Ӹ ˾Ҵµ  ϰ մ
1495, ʵ ѰŶ ʹ ؼ Ҹ´   κ.... ̰ ̰žߤФФ̤
1496,!!!  赶 ϱ 赶ڰ ¡ ...!
1497,ù  ½ ̳
1498,"ƴ ڳ..   ߻,,"
1499,...ڸ ׿..ʸ Ǵ°ž..
1500,ʵκִ å ġ ֳ 
1501,õ뼺?   Գ..?
1502,Ҽ   Ű  ֳ  Ÿ 
1503,   ¥ ϳ.. ϱ  Ű  Ҽ 
1504,⹫ ϸ 뿩 4ݴϴ
1505,Ҽ ÷ 29ȭ !
1506,Ҽδ ?
1507, ̶..; ۰..Ф
1508,ʵΰ ִ å  ִ..
1509,..ʹ  Գ׿..   ..
1510,ʵδ ϰڳ׿ 'ڶ' ϱ
1511,Ҽ   Դϴ.  ƴ ¥
1512,Ű 1000غϷ..
1513,ù°  ³ 濵 ΰڴ
1514,..Ű ĥ״ ȭ...
1515,ȭ??????
1516, ̪İ ߻פ̤̤̤
1517,  Կ ־   ȵְڳ~ ƴ?   ű⼭ ߴٱ 
1518, ħ
1519,¥      Ϳ٤  ڴ   ϰ ϰ  ̾µ Ȱ¦   ̶ Ȯ ٸפ
1520,Ű ϵ  õ ȸ  ǰڴ
1521, Ҽ µ   ̷Գ Ϳ
1522,  ִ° ǰ ѵ ƹ  ...
1523, ʵΰ ̷ ϴ° ϴϱ Ӹӿ ջʸ..Ϳ 
1524,Ҽ 29ȭ 60ۼƮ з̿ 
1525,¥ Ҽ ߻ȴ
1526,ʵ Ҵµ..ƴϾ
1527,̰ 츮 ...ڶ ̱..
1528,"ٰٱ淡 ٽ ôµ,  ũ ϴ ̶ 11ȭ "" ׿ ó~"" ϴ  ¥  ϳ׿"
1529,   ڰ ־?  ƴ϶?
1530," ȭ ,,,, ФФ ٽú   ñϴ ⼭  ο ڤ,,,,"
1531,濵 ֵ ȭ մ°ž 
1532, ϰ  þ?
1533,δ...赶
1534, Ȳ߳뤻
1535, ̹ ȭ 'Ƹ' Ҽ 26ȭ
1536,ء10 5  Ծ
1537,....ġ.........
1538,׷     ƴϴ
1539,H п 鼭 ǽ ɰ
1540,Ʒ 29ȭ Ĺݺκ ø ˴ϴ
1541,  Ҽ ȭ ϳ?
1542, ̻ Ű ??10 µ  2000
1543,ʵ д å ǥ ݾ 
1544,
1545,Ҽ 10Խϴ ü
1546,Ҽ Դϱ?
1547, ʾ¥
1548,¥¥ ظ λϴ ڿ ִ  ׸  ϸ    .... ̰Գʹ褻 Ф
1549, ǥ
1550,ȭ  ȿø ʵ
1551,    ׷ڳ...
1552,׷   ȸ̱ ص ƴ  ö  ԰־ ...ƴ   ٸ    ȵ...
1553,   ʵΰ д ....... ̴   ̴????
1554,׷   ִ  ü 
1555,ƹ Ż ص  ʹ   ƴϳİ ҷµ      
1556, ϵ  ־ 
1557, ο򱸰 ְ Ͽ
1558,  ʵδ ణ ִ  ̾µ ̰͵ ʳ
1559,ȭ  ۰  ФФФ ⿡ 󸶸 ¿ 𸣰ھ ФФФФ
1560,ũ......5 Ű   մ
1561,  ϴ°Ǿƴ?
1562,ʵ å  ׷ ִ°  
1563,"[, ξ   ڽ ð踦 ãϴ.] "
1564,ʵ  ִ å  
1565, 
1566,  ڴ  ñ ĥ ټҼ  
1567, ...۹赫ݾ;;
1568, 츮 ʵξ ÿ  ̶ Ȱ ~~  ƴϿ
1569,ġ  
1570,[ ]    մϴ.
1571,ʵ ϴ° ״γפ
1572,"[, -  ȭ ʵ å ̰ ִ !  Ҵٰ մϴ.]"
1573,ʵΰ д å  V
1574,ʵ Ư ü  Ӥ
1575,̰ ϸ  ̾..
1576,̾   ׷
1577,??????? ϾǾƶ ̤̤
1578, ſ .
1579,[ Һ] ſ մϴ.
1580,ԵԵ.   ̴µ  ϴ°?  ϴ°ڳ.  ΰ?
1581,   ̳ ٽغ...?
1582,Ÿ..Ż    ʵΰ..
1583,
1584,....׷  ְ 2̾?  ?
1585, ߿  ִ  ȭ ãҳפ
1586,ʵ å ߤ ƴ   ʹ ϸó θ° ƴϳĤ õ  ýϴ!
1587,ȭ ......  ۰ ġص ɱ?
1588,   ģ ?
1589,ʵζ  赶ڶ  ƺ° Ϳפ
1590, ʵΰ д å ǥ   ִ ǵ
1591,  ʹ Ϳ ƴϳİ
1592,   ߻刪ťФФФФ
1593,ο!ο!ο!ο!
1594,Ʊױפѱ 
1595,  ι  Ϳž
1596,ƹ Ż   ؿ   (ȫȣ)  ó?
1597,  ̸Ⱑ  ɸ
1598, Ͳٿ ġ-
1599,̸    ̸ ̸..
1600,Ǳִ  鸸 ȭ  ɾֳ    
1601,  赶 ϳİ 
1602,
1603,
1604, ϳ׽  ð ؼ Űǰ
1605,
1606, ÿ    Ƴ? 
1607,ʵζ ھ   ° ̳  
1608,  Ǥ ̴٤ ٵ ʵ  ġ
1609,ƾƾ...赶 ʹ Ϳ...׼ȯ ϴ°ź...
1610,ڿ  ߴµ ʵ å ǥ  ġ  ٽ  ִµ վψ
1611,.....................   .....   .................... ..  .................................   .....................................   ........ .........    𸣴  .... ...... ....................   ................... .............  .......... ....  ..
1612,ʵ  緡 꺹 ٶ̰ ԰  ˾Ҵµ 忡 ủ... ¥ 
1613,"ʵξ ""̽"" ó׿ ׷ ΰԴϱ?"
1614,  
1615,¥   ɲ ƽ...Ф
1616,ʾ... ٤
1617, ʹ վ ФФ ⸸ ּ ۰ ФФ
1618,ƴ ø ó ʵΰ ִ ..?  ġ  V
1619,Ҽ ȭ??
1620,¥ ְ....
1621, ǥ 
1622,ǥ  ā줻
1623, Ϳp
1624,¥ ʵ  Ӹ   ۳ 
1625,Ż ˰ƴԻ ðʼ
1626,  ƽ.. 
1627,å  ġ  
1628,  ʴ 鸰  ФФФФФФФФФФФФ ۰ ۹ݿ ְ
1629, ߻پƤФФФФмҼ ϰ ϱ  Ƥ̤̤ФФ
1630,̸ : ̸ִٹ̸ : ̸...۰ ȭ!!ȭ ּ!!Ű 󸶵 帱־!!
1631,ʵ а ִ   ġ  ־
1632, ʵ   ϱ ٸ Ż.......
1633, ġƴϤ
1634,"ʵδ Ѿ""ι"" ѹ߹ۿ "
1635,  Ű Ѵ 
1636,赶 ߻
1637,   ƴ ׾   ƴ      
1638,а ϼ?Ż  7 
1639," ߽ɱ̰ ڴ Ϳ ƴմϱ? ̻Ѱǰ..,.....Ф"
1640,  ִ° ǰ ѵ ƹ  ..
1641,ʵΰ  ִ å ǥ ġ    ִ  
1642,"??? : ""ΰ  !!    ʾ!!!"""
1643,̸ ̸⸦ ̸ͽϴ
1644, ؼ µ ʹ ־ѹ    ̤ ѵξ޾Ⱥ ѹ ϳ?
1645,"õ Ƹٿ Ű մϴ,......"
1646, ʵ  ߻ ̳߳ ޴µ  ͸
1647,󱼸 Դϸ Ʈ ö󰡴  
1648,¥ ܤ 縦   Դϴ.
1649,ǿ ??
1650,̰ ¥ ȭϴµ ȭǸ  մ٤
1651,    Ʈ 
1652,ӹ̤ӽäӤӤִ٤Ƥ
1653,õ뼺 ǳ̶ϸ Ӹ ̴° ƴ?
1654,ȭ... ּ
1655,"-Ʈ Ŀ  -غ ! ,,ĿĮ,(  Ʈ !^)1. ɿ  Ʈ   ߽ϴ.2.ĿĮ ̿Ͽ ɿ ǥ  ڸϴ.(Į    ʰ !)3.  2 鿡   ׸ϴ.4.ĿĮ ̿Ͽ 2  ǥü ڸϴ.5.  ʿ   ϼմϴ.ϼϸ Ʈ   Ǵ    ֽϴ!"
1656,ƴ ۰ ⼭ ó ()  ۰ ִ° ƴϱ ̸ ϳ ÷ָ   ٴϱ? ۰! 
1657,Ҽ 29ȭ 60ۼƮ з
1658, ¥ ڶ   ƼŰŸī 
1659,̰...̰ Ҽ  ȭ ƴ  ФФФФ
1660,ƻ  ϴ°ųٴ٤Ф
1661,󱼶 ߾ȵǼ ټ̳ оݾ  ߻  ̤Ф
1662,ǵ ƴ϶  פͿ
1663,  ³ Ӹ  Ҷ  
1664,ȭ.. ȭ ʿ..
1665, 󱼳  뵵 ũ ͹
1666,  ?  ?  ?  ?  ?  ?  ?  ?  ?  ?
1667,  ϱ ¥ϴ
1668,赶  縦  ԴϴҶ ʹ ؼ    Ҽ ׳ 鼭  ˾Ҵµ 
1669, þ ȭ?
1670, ູ
1671, Ȯϱ..
1672,̸   ϰ  ͹ȴ ָ ٷ ǳĤ
1673,⼭  õ뼺 ̸ ⿡  θӸ õ뼺?
1674,"£ 翡  ..޵  Լ..  ε     ,,  Ҽ   üε"
1675,ƴ   ٵ Ż ֱ ϰ ־ 
1676,赶 Ͼ 
1677,   
1678,  ؼ   ߴµ ̰ ̾....ٺε...
1679, ̳ ߻
1680, Ͳٿ ̳
1681,    ʵ ӸӸ ϴ°ǉV Ǥ
1682, Ƴ   Ƴ  ????????????
1683,ڶ  Ѵ  
1684,H ƴ Ҽ  ̹   V    ˰  r
1685,õ ο 󱼵 ...
1686,10  Ҹ´٤
1687, ģǰ
1688,ƴ ʵΰ ִ å ġ   V
1689,     ǥ ΰ ??
1690, 縦  ϸ  ׷ ϰѾ
1691,̾  ϱ   ̳ ¥ϴ
1692, ̤̤̤̤̤̤̤̤̤̤̤̤
1693,... ȸ ̤
1694,ʵζ  ǥȰź ⤻
1695, ġµ ƹ ʰ Գ 赶 Ǥ
1696, ι̰
1697,
1698,Ƥ  Ӥ ڰ  ٰ ޹ϴ°???
1699,߰߰ ©°  ̹ 
1700,ʵξ  ִ  ʼǰ
1701,ģ ϴ ̳ 鿩
1702,ڷε Ӹī ڶ   ž..׷ž..
1703, ƹ...?
1704,    о ǵ Ⱦ . ƴϸ   ̰  ȶ  Ȱ  ؼ  ƸԾ...ٵ ʵ  ڴ  ̴? 
1705,̴ 濵    
1706, ´ ġ  ȰѴ ׷  פ
1707, ϴ κ  涧 Ŷ Ӹī ġ Ȱ ׷ ߻ ϴ ũ
1708,츮 ʵ  ġ   ͳ !!
1709,"ĿĿ ,,, ̾"
1710,  Ƥ
1711,Ҽ  µ   ϴ  ߰ڴ ٽ  ճ
1712,
1713,ʾ...ù...
1714,մ 
1715,ƴ ʵΰ аִ å  ƹ  Ԥ ġ  ־ 
1716, ״ Ͳٿ ġ
1717,¥ ٵ ʵ ʹϳ             Ӹ  ݾ...
1718,۵   з   Ƽ ô â ȭο
1719,ô ۵鵵 ճ
1720,Ҽ ȭ ϴ°   ޴µ ̷ ϰ ָ  
1721,̤̤ ¥ 赶ڰ  ȭ     ʹ  ְڸ  عϱ   ʹ ֳ
1722,  ִ°ſ
1723,߿ Ʈ ļ  ֳפ
1724, ʵ 赶 ƼŰŸī ʹ    縦      縦    ƴϤ ʵ ֵ    ͸ ʹ     ʹ Ϳ ̤̤  赶 ʹ ִ δ  ϰ   ɱ۸   
1725,մ
1726,ΰ   츮 
1727, Ǹ 濵 ̹ Ȱڴ  ض
1728,մ
1729, 
1730, ɶ 12ÿ Ÿ־ߵǴ±..  µ  õ
1731,ôؼ    ܳҷ..ǹ?
1732,  
1733, ׸ڱְ ..........
1734,  ʹ Ϳ.   ϳ  ǥ̸鼭  ظ 
1735,¥ ΰ ϳ ¦ϰ ϳ 
1736,   ߴ  
1737, ¥   ̷ ⿩  θԴ°  󸶳  ⿩ ƾƾƾƤ
1738,۰   縦      ȥ    Ҹ Ű  ǹ
1739,Ҽ     ׸  
1740,޳ ʹ ñϴ...... Ҽ 
1741,Ű ޷ȴ Ͼ
1742, ĸϰʹ٤̤̤
1743, ģ   Ԥ 
1744, Į  ϰԵɱ 
1745,ڰ ȳ  ϱ ƿ  ٸ ° 
1746,ߵ νô 츮۰
1747, Ҽ   ʵ ߳ ߾µ
1748, ڰ û  ۃ ذϵڰ Į´µ ƽ¥ Į̶ ̰ ̰ Į ٸ 
1749,   ٸ   µ..
1750,̴..
1751,Ͱ ϴµ 0  ϰ 1θ ̷ ִµ  ϴ
1752,ƴ     å ִ   ƴϾ?   
1753,  縦 '' ! 簡..
1754,ᱹ ̴    ߱..
1755,̸ 30   ڴ
1756, ȿ  ... Ͼ
1757, ʵ ̾?
1758, ģ  ȭ.... ȭ...!!!!
1759,ʵ Ҽ  ϰ Ȱ   ⵥʴϴ
1760,ι......̾
1761,åǥ  
1762,???: ӸǺ ʵε麸 Ż߾ øϴ.
1763,̷ 
1764,̤  Դ ¥  ö ..     ܸȭ      о ߽ϴ.. ູ..ФФ̤ФФ
1765, ?
1766,ƴ аϼ?а̤
1767,ƴϾƴϾ󱼹ƳĽȭĹģģ
1768, ° ٸ ־...  ȭ  
1769,  Ϳ
1770,  ʹ Ǥ
1771,̤ġƿ
1772,ĵ ĵĵ  ѵ
1773,ʵΰ а ִ  ؿ ŰŰŰ ֳ
1774, ʾ̳ ʾǻ
1775,  ڵ  ĥ  Ǵ°  
1776,ƴϤ    Ҿ
1777,ȵ å ǥ 赶ڰ  д° Ƴİ
1778,"ڰ ""־? ƺ̳"" ̰ 񲿴° ƴϳā줻 ̷ ʴ  ƺδ?  ̰ "
1779,ƴ ʵΰ   ǥ ġڳפ ۰ j
1780,ʵΰ  å ġ  ° ճ׿?Ƥϴ񤡤  ó
1781,ʵΰ ִ å Ⱑ   ø  ƹ r V
1782,  󱼵 ߻屸   ̾
1783,
1784,Ҽ 29ȭ 60ۼƮ̿~!
1785,̰ Ҽ ̿
1786,ʵ ʰ  ׻ ԰ ŵ  ڿ 赶    Ȯ ̶ ...  ¥ ٤Ф
1787, ص帱Կ! ȭ  Į   Ͻô  𰡸 մϴ!
1788, ¥    
1789, ¦    Ϳ.   Ϳ.
1790,    ĥ ʵξ ܸ..
1791,.. .. ° վ.  Ѽ 峭  ɾ.....( )
1792,  Ϻ ż ʹ ŷ־
1793, Ÿ ̱
1794, Է¿Ϸ. 
1795,̴پƤƾƾƾƾƾƾƾƾƾ
1796,...¦.....ȣѷηΤǤ
1797,Ա ؼ ߴµҼ   ....
1798, ¥  3ϵ 㳷 鼭 ʹ٤ФФ ȭ 10  ּ  10뿡 Ű ڽϴ
1799, Ͳٰ  ߴ
1800, ߴٰ Į̴  ...
1801,ϸ  赶ڿ ų ϳ  ߰ؾ߰... [ö Lv. 100] ̷...
1802,赶   ٲٰ  ź 
1803, Ƽ  ʹ ٤ФФФ  ó Ŀ ΰ ʹ Ƥ
1804,10 ̶ Ӻ..ȭǿ ȭ ϰ ..
1805,Ż  Ⱦ  Ť
1806,濵 2ְ 汤 Ʋ
1807,"  ϸ ȉ,ѹ ϴϱ  ؾ ǳ  ν Ѵ, ʵ Ҽ־ .."
1808, Ű 10ٰ ȭּФ
1809,¥ ʹ վ ġ
1810,  ȭ
1811,ι 帳   ߴ  ׷ ׷ 
1812,...õ ........  ׿....ڴ !!ȭ Ͻôٴµ!!!:ƴϱ׸...:!簡 پ˾ƿ!:...()
1813, ޷¿ ޸ ؾ ô Ͽ ö´ٰ.....ڲ ԳפФ
1814, Ҽ  μ ȭ ʹ ȴ..
1815,츮  ...    ±...
1816,¥ ȭ   ʹ  ٽµ  ȭ ..0
1817,  ʹ մ ..
1818,Ƥ      ģϰ ڰ ƶ θ ͵  ٤
1819,Դ  縦   Դϴ   
1820,õ   Ѵ
1821,   ٲ°Ť ɤ Ƥ
1822, ܤ 
1823,ʵ ι  ѹ߹ۿ 
1824,Ӹ ϰ  Ƴİ
1825,ϰ   ö ȵǴ ΰ...........
1826, ھ Ѵٿ츮  ڲٳ
1827,̸ 5 ö ڴ... 
1828,  ԰  ¥ ߰ھ!! ڽŰ̴!!!!!!
1829,.... ĳ͵ ׷ Ҽ 鼭 ߴ ̻ ¥ ǥ   ʵξ   ...?
1830,ƴ Ż ׸ǵ帮 ۵Ƥ
1831,ʵ ̷ İ ФФ
1832,߻
1833,ѹα 3 䰡 ġġŲ   
1834,ʵ ϴ κ а ִ å 亹ġ Ϳ 
1835,  ְ
1836, ̸ ̳
1837,ֱ
1838,!!!!!
1839, ¥   ߻? ġڳ 
1840,ڰ  ʰ   ھ  Ҽ־!
1841,¥
1842, ڴ¸Ƶ Ż ´  
1843,ظ^^
1844, ʵζ   ̶ λ  ǥ̷ ޶?
1845,  ģ
1846,ưվФ
1847,  Ͼ
1848,¥ ȭ..... Ʋϴ٤ФФФФФФ
1849,~ ʾ̱
1850, ø. µ   ??  ??? и ? ǽ? ư ۳      ... ... 
1851,  å ǥ  
1852,  ; !!!!!!!!!!!! ƾƾƾƱƾƾƾƾƾƾƾƾƾƾƾƾƾƾƾƾƾƾƾƾƾƾƾƾ!!!!!!!!!!!!!!!!! ƾƾƾƾƾƾƾƾƾƾƾƾƾƾ!!!!!!!!!!!!!!!!!!!!!!!!! !!!!!!!!!!!!!!!!!!!!ƾƾƾƾƾƾƾƾƾƾƾƾƾƾƾƾƾƾƾƾƾƾƾ!!!!!!!!!!!!!!!!!!!!!!!!!!!ƾƾƾƾƾƾƾƾƾƾƾƾƾƾƾƾƾƾƾƾƾƾƾƾƾƾƾƾƾ!!!!!!!!!!!!!!!!!!!!!!!!!!!!!!!!!!!!!!!!!!!!!!!!!!!ƾƾƾƾƾƾƾƾƾƾƾƾƾƾƾƾƾƾ!!!!!!!!!!!!!!!!!!!!!!!!!!!!!!!!!!!!!!!!!!!!!!!!!!!!!!!!ƾƾƾƾƾƾƾƾ!!!!!!!!!!!!!!!!!!!!!!!!!!!!!!!ƾƾƾƾ!!!!!!!!!!!!!!!!!!!!!!!!!!!!!!!!!!!!!!!!!!!!!!!!!!!!ƾƾƾƾƾƾƾƾƾƾƾƾ!!!!!!!!!!!!!!!!!!!!!ƾƾ!!! 
1853,ڶΰ  ذȰ ȲǴ̸ ̹ ߼ұ̶ ΰٵ  ϴ
1854, ô° Ҥ  б⿡ ź ´٤
1855,ʵ 谡  ..? پ˾Ҵµ
1856,츮 濵 ȭǺ ּ ФФФФФФ
1857, ȳ? 
1858, ӸӸ  Գפ
1859, ۿ  þ  ؿͺ
1860, ƾڻ
1861,  ü...  ϴ....
1862,ۿ о ʵ   ñߴµ  ߻屸...  ι鵵   մϴ
1863,  Ӹ  ߳ 
1864, ȴϴ ) ׳ Ҽ  ϰ 
1865,
1866, ̸ Ʊó Ȥ
1867,    ̸ ̴
1868,   ȸҶ 1ȸ  Ǭž? ߺǴ  κٵ ȳ ¼
1869, ڴ  ..
1870, ƹ    ...?  ִ  ִµ?
1871, ǹֶ....׷ Ż....强? ׷  ʾ? ׷ ӸӸ
1872,"  ʹ ,,"
1873, Ҽ  ôٳ 赶ڿ
1874, ɹ ٤
1875,¥ϱ 
1876, ڿ ̹ ̰  ã..  ׿   ް ־ٵ..
1877,ʵΰ ~   å а ִµӸī  Ż   å̶ ߴµ ۰ǰ?
1878,   ߴٰ Į ̾Ƶ  
1879,"[, 'ȭ  ٸ ' ȭ ϸ Ű 2 Ŀմϴ.]"
1880,    ȭ ¥  ؼ ¿ų Ʈ ǥ ϳϳ Ҽ 鼭 ÷ȴ   ̻̽...
1881,; 
1882,   °ų?
1883,ʵΰ д å
1884,  Ż ȳ?
1885,߻;;;
1886, 缭 Ҽ  ߴµ  Ҽ  ...  ö  ΰſ ..   ʹ
1887,߻  
1888,  
1889,ƮͿ   ƮӤ 󸶳 ߻Ƹ  ׷... ߻ 
1890,ڰ  ϴ° 뤻 ΰ  
1891,  ̹ ʹ Ϳ ƴϳĤťФ
1892,¥  ¼ȯ 𸣱ε 
1893,ʹ  մ
1894,ֲʹʹ
1895,=  = ʵ= Ӹ θӸ ϰ  
1896,[: 'Ǹ  '   ̳İ ϴ.]
1897,̾  ߻   ̴
1898,    ʵζ  ǥ ǰ
1899,濵 ȭ  2° ƴϳ ? 츮 濵 ȭ   !!!!!
1900, ġѰ Ƽ ѹ Ếϴ٤
1901,"""ȳ, ."" Ҷ ǥ N׷!!  츮  ŷ!!ɱ۽Ԥٵ ̿߿     ǥ ̷ Ϳ Ǵ°ǰ?׸ ̴ ͵ ʹ ߻䤻"
1902,赶   ...
1903,ʵ ...   Ӹī Ű ߱...
1904,ȭ    ߴ  ҿ ̷̳׿ ϵ帳ϴ
1905,赶 ˶Ÿ ؤ
1906, ӿ   ´ٰ Ǹߴٸ鼭     ͼ  Գİ 
1907,ȭ̸ ŷ
1908,̳ 
1909,׷  Ϸ°ǵ 
1910, ʵδ !!
1911, ʵ Ȱ ǥ ѷ° ȭ 
1912,赶  ϴ° Դ°ź 
1913,åǥ
1914,     ȥ  ϴ³ ҳ 
1915,.....  󱼷  Ѵ....
1916, ´ ѹ ũ ־
1917, ʹ ߻٤ ƿ  ̴°͵̤
1918, ʵ :   󱼿   :  ٸ   
1919, ׸  ˿ϴ°͵     
1920, ʾǵ߿  ̳
1921,¥.. ޺簡 ̷ ׸۰ ðߴµ .... ¥ ׸ü ⵵  ȥڸǷ̳ ð ׸ü  ʹ  Ф
1922, ʵΰ   ġ  
1923,  ְ ̸  ߻
1924,!
1925,¥  ˰1.  ġ2.  3. ī 4. 𵨺 տ ҽ帧5. Ż  ڳ6. ׷ ڿ ŰӶӶ̰ ּ.  150ξ ؼ  ƾ¡
1926,  ̾    Ƴ   鸱  ϴ  󱼷    ߴ
1927,ڱ ̶ ٲ޶   ƴѰ??  
1928,",! ġ!Ǥ "
1929,ڵ ߻µ...ϰ ִٰ   Ҹ Ұ 
1930, Ѹ 배
1931,λ úȳ
1932,"[, ȭ  ٸ     ñ մϴ.][2 Ű Ŀ߽ϴ.]"
1933, ...
1934, ߻
1935, Ӹī  ߻ 
1936,   ¥ ߻...
1937,ƾ....ű... ...װ..Ф
1938,ƴ ʾ Ƿ翧   ˾Ҵµ..murmury
1939,  ôؼ ȭž?
1940,Ƥ     ̴٤
1941, ϳ
1942,ƴ ģ Ť  ¥۰    ſ ̽ŵ?
1943, ƴ ۷θ  κϱ ʹ Ҹ  ~~
1944,  ǥ ̶ ƹ ʰ ̱߿    Ϳ
1945,[ʵ] ()ݵ ()Ӹ ()  ݵ Ӹ Ͼ ڱ״ ʿ̾ϴ
1946,赶ڰ  λϴ 麸   Ȳϰ ̵ Ȳϰ  Ȳϰ  Ȳϰ... 赶ڴ Ӱ ִ° Ʈ
1947, ʵ ¥  ó  ֵ  ԰ Ƥٴ ..... ̷ ġ  ֵ ȴ 
1948,ƴ ʵξ Ӹ پ˾..
1949,"ε Ż ±, , ."
1950,?   Դٰ?    ۿ  ̴µ??  ʵΰ Դٰ?    ۿ  ̴µ?
1951,ƴ ¥  ǥ ̴ ̹    Ŷ Ͻϴ...    ⱸ ҰԿ.Ż  ְ 󸶳 ƿ?
1952,ƴ ׿߿  ǥ Ƴ    ׾
1953,ʵ Ÿ  ̱
1954,Ҽ 29ȭ Ĺݺ ø ˴ϴ
1955,ʵ... ʸ ƴϱ ٷµ...
1956,ƹģ ʵΰ д  ǥ ġϰ ְ ޸鿣   ҷǰ?ʹͿ Ĺ
1957,ʵ Ÿ  ''ü ..
1958,  ڽ  ϳ 
1959, ʳ׶  縦 ߴµ  ָ ȵǳ 
1960,  ǥ  ȭü ˰ վ Ƥ
1961,:  ! ༮ ġ!赶  Ⱥλ!() ȥ ϴ!
1962,..?
1963,ƴ ģ  ʹ ߻ ƿ ̳µ ¼    Ѵ;;;; 
1964,¥۷
1965, ׿߿ 츮  ĳ ߻ĤФ
1966,е Ҽ ȭ  ð ٺ... ȸմϴ..
1967, ƹ    ...?  ִ° ִµ?
1968,...  ĳ...? ƴ   þٰ Į ̾ƵĤ
1969,å  ġ ׷ ִ° 
1970,濵  ϳ
1971,ʵζ   ° ̳ ↶
1972,???:  
1973,Ҽȭΰ
1974,ƴ ʵ   ̳ā줻  ġ 
1975,  ʹ UƼ 밥  ġ鼭 ...
1976,ʵ Ÿ   ̳
1977,    ¥  ̸ŭ  Ŀ̽   ִ ڵ ϴ ¥ 
1978, Ŭʰ ű
1979,  ϰ  ǥ  ǥ ϱ ִ ...
1980,з и  ø   ó  Ѱ ϰ   Ǵ  ϴٰ ...
1981,е ī    ø   ֽϴ µ   Դϴٽµ ƺô  ּ
1982, ٷֽʽÿ 
1983,  κп ũ   Ѽ ؾ
1984,
1985,ؿ մ    ű⼭   
1986,ó ȸڎL
1987,"   ͵ ѵ, ġ  ʿ䰡 ְڽϱ? ϰ ϴ 赶 ȱ    ൿ Ӱ ɱ۰Ÿ  ġ..."
1988,츮: ׷: 
1989,ʵΰ θ° ߿   Ż   ϴ°ǰ?
1990, ⼭  Ĵ»  ͹ ^^
1991,   öԴ ϵ  
1992,:   ̸̾ ȿ Ȯϱ
1993," ù޾Ƽ ģž?ڴ ׿߿ "" ó ȸ  ݰ ̾"" ƴ  ־ֶ鼭       ƴϾİ"
1994, ߴٰ 1и ٺ.. ʹ վ̺з   Ф
1995,: ڱ赶: 
1996,"[, Ŭʰ  ̸    Űߴٰ մϴ]"
1997, ǥ ̴ ̰ ΰ...
1998,̹ ȭ 赶 ϴ  ϰ ܼ  Ѿ  
1999, 縦  Դϴ  主ε ǥ ϳ 
2000,߿  縦 ϴ ᰡ ǰ
2001,   !!!!!!!!!!!!!!! 󸶸̴   ߿  ظ ȳ ? ϴ° ؼ ..
2002,",,,,,,,,,....!!!!!!!!"
2003,"ڴ ̸ ã, ʵδ ӸĮ ã, 츮  ̽Ϳ׸ ã"
2004,"ģ ʵ  ǥ ġ   ־ƾ, ̰ "" "" ΰ..."
2005, 縦   Դϴ... 帣 Ź 縦   Դϴ... 帣 Ź 縦   Դϴ... 帣 Ź 縦   Դϴ... 帣 Ź 縦   Դϴ... 帣 Ź 縦   Դϴ... 帣 Ź 縦   Դϴ... 帣 Ź 縦   Դϴ... 帣 Ź 縦   Դϴ... 帣 Ź 縦   Դϴ... 帣 Ź 縦   Դϴ... 帣 Ź 縦   Դϴ... 帣 Ź
2006, 縦   Դϴ <   赶  ģ  Ƴ? ߻ ¥
2007,Ű οִµ ȭ ° ũ ̴
2008,赶 ϰ 񲿴°   վ
2009,ƾ ߰ ʵΰ ִ  ġִف줻
2010,   ø Ʒ       鿡 ƿ Ź
2011, 縦  ФФФФФФ  ФФФФФ   ¥  ФФФФФФФФФФ ̻    ϰڰ  ФФФФФФФФФФ
2012,"ʵ 質 Ӹ  ܸε,,  ߴ ͺٴ Ʋϰ   ڰ  ׷"
2013,  Ż  Դϴ...Ӹ Aƶ~
2014, õ  󱼷 ^^
2015,з  ʰ  վ ׷
2016, ٰ   ϳ...
2017,"[,涫 гڰ Ŭʸ     ⸦ մϴ"
2018,ƴ ٵ 赶 ¥ ȵǰ ߻
2019, ô   Ⱦ 10 ȵǴ°Ű  ѽð  µ ڷ...   ִϱ ο° մٰ ڴ° ƴϿ  ׷ϴ  ̰   д  õ̿   ɾ  ɷ    ־.
2020, ٵ 濵 ȭ   2ִ   
2021, Ķ ġ г ʿ ϴ.   Ѹ ˴ϴ.  ̼ Ӹ θŸ鼭  ׸ô е鿡.
2022,迡 3 䰡 ִġġŲ  
2023,Ҽ ȭ
2024,å   ִ   
2025,ʵξ åǥ ʹ Ϳ䤻
2026,"[, Ŭʰ ̸    Űߴٰ մϴ]"
2027,и з  ¥  ̴ٸ ̷ ߴµ   
2028,¤
2029, ڴ  𸣰ڴµ ...ƴ Ƽ...
2030,  
2031,"[ , ''    ٸ ̸ ̸⸦ մϴ.. ]"
2032,"Bikacheuī ְڴ,, ġ  °  V  ̷ Ҽ ޿  ƿ ۰"
2033,[ʵ] ()ݵ ()Ӹ ()  ݵ Ӹ Ͼ ڱ Ż ̾ϴ
2034,Ż帳 Ⱦ 3    
2035, ߹ 182ϸ ΰ
2036, ߷ Į?
2037,"[, Ѱ  ũ ϸ ߸ Ŀմϴ]"
2038,"  ŵ٤"" ġ""Ϥ"
2039,е ī    ø   ֽϴ µ   Դϴٽµ ƺô  ּ
2040,"     ̰,  õؼ մ̶ ̺ ϰ ԰  ̵ θ̼ λϰ Į    ༭     ϰ  ھַӰ ̼ "
2041,   ̴
2042, ǥ ̳פ
2043,???: 
2044,
2045,۰Ե ĳ ǥ ʹ ϼż... ʾǵ Ƿ翧 ¥  Դµ  ѹ̶ 󱼵  ּ..
2046,е ī    ø   ֽϴ µ   Դϴٽµ ƺô  ּ
2047,ȳ ƎL մ
2048,ȳ Ʒ
2049,ũ... ʵΰ.. ũ ФФФФ Ӹ ...  ....
2050,ʵ  ߳    Ƽ Ⱦ䰡 ǰ
2051,ȳ ?  
2052,   14 Ǽ Ű ÷ µ ̰ 1ָ  ִٰ  ׷ ° ʹ 
2053,翬 ڣ4ϵڿ ðŶ ù谡 ݳ н ڱ տ δ  λϰִV
2054,"....... ϱ  ߻ ϴ  ̳..,"
2055,̸⿡  : ̸  ִٹ̸⿡  : ̸  
2056, ƹ    ...?  ִ° ִµ?
2057, ΰ 赶ڰ ƴ϶ ̿
2058,е ī    ø   ֽϴ µ   Դϴٽµ ƺô  ּ
2059, Դϴ! ¥   ̾ߤФ
2060, ؿ  ...
2061,      ޾ƾ  ɼִ 𸣰ڴ
2062,Ӹ Ǻ:ι ()ʵ : Ȧ (Ф)õ뼺:(...)
2063,ݰ 
2064,츮  ߻!!!
2065,ž Ѿ̳ ź  ˾Ҵµ ǿܷ  
2066, Ĥ ̰  ̳İ  Ҳ Ҳ Ҳ
2067," ¥   ϼ Ű  鼭 ü ϴ  ?  Ÿ ׸   ۰, ںе  1  ϰ ̱ ?"
2068,ǽð  ۿ Ⱦ   Ĥ
2069,⼭ 츮 ٽ Ȯմϴ.   ̶ .  帳 츮  ̶ .
2070,ƿ δ vs Ⱦ δ ȭ  ѹ غغ!
2071,"[  , ''  ź..#>+:@<-^;...  error: code . sil te. ]"
2072,Ⱦ    ƴѰ...?  ǰ     Ⱦ  µ 
2073,  ¥ ڴ Ż   .. ׸      ΰ..
2074,츮 ŭ ߶ Ϳ Ǥk  赶ڸ  ּ.....Ф
2075, 䵥 ڠ
2076,е ī    ø   ֽϴ µ   Դϴ
2077,ǽð  
2078, ʵ   ˾Ҵµ...
2079,ʵΰ д  ī  ƴ   ֆ
2080,  Ȳϴ° Ϳ
2081, 帳 ַ ϸ     ö󰡴° ƴ  ̤̤
2082,ƴ ʵΰ   ġ   
2083,ƴ....츮    ũŬ ȭ?
2084,赶 ʹ ŭѵ? ȳ Ƥ
2085,ġ   ħ  پ  ׾. ο  źϴ Դϴ.
2086,   Ն ȭ ! !!Ф
2087,ƴ    ġ  °   帮۵  ġ ʾ ۰ ..
2088,εƴѺ
2089, : 'ȳ ?'  . ׷ ҷ ھߤ??? : ȳ ?
2090, ž     ʿ䰡 ׿ ιߡ 
2091, ߻
2092,[  ]̸ : ¹Ư¡ :  ö   Ⱦ並  ŵϴ...
2093,    ƽôº
2094,¥ ( )ģ ǰ ٤ ȭ ÷׿
2095,ȵΰ   ġ   ִµ?? 
2096,̸.....̸....... ¥ ̸ ٵ   ٷ.... ¥ Ű  Կ ׷ϱ ȭ ʿؿ!!!Ф̤
2097,[  'Ŀ' ȭ '赶'  ޶ ĪŸϴ! ]
2098,° ߻ϴ մ  ߰->´-> Ⱦ並  -> ۴(  ) 
2099,"ȳ,   "
2100, ⼼   е鵵 ÷帳ô
2101,Ⱦ䰡 µ ־ϴ
2102,Ű ִµ ȭ  ° ũ ̴
2103,   ִ  д° ̷ ;;
2104,  ַ øô!!
2105,嵮 norns   
2106,ü   Ϸ  ñϳߤ
2107,赶 ϴĸ ȸ ̶󈠤
2108,Ե  ̴  θ   ٸ ݺǰھ ۰ Ͻ ʰ ٵ   ̤
2109, α  â.    ޴ 帳   ޴ .
2110,norns  ߳׿ ̴ 
2111,"[, 'ø Ǿ   ' 5 Ʊ  Ҽ ° õմϴ.]"
2112,̸ ̸ 帳  صȴ
2113, ٰ  ϳ
2114, ߻   ̴
2115, ġ  ִ° Ƴā줻
2116,   °... ַ ؿ 츮Ф̤
2117, ϵ Ű
2118,[ ڸ ãϴ ]̸ : Ư¡ : ƿ  / ûȲ : ö  ڱ ϴ..
2119,   ߻ ƿԳĤ̤̤̤
2120,̸  ̻ ̸ ...........
2121,ƴ ¥  뺧  ´µ ʹ ʹ   ??? ...
2122,  Դϴ٤Ф  ׷ ְŵ 츮    Ϸ 
2123,  12 ϱ  ׵ ߴ۰  ϳ ޿ Ѿư  Ǯ
2124,Ƥ 縦 ߵ
2125, 
2126,׷  ƴ 赶ڴ     
2127,...̰...ԴپƾƾƾƤФ
2128,͸ ³  Ѵٰ   ׷
2129,"[, Ŭʰ ᰰ ׷  ᰰƼ  ԰ڴٰ մϴ ƴ ̷ᰰ Ͱ]"
2130,濵 ȭ 2° ִ.. 
2131, 赫 ʴ?
2132,"Ӹ Ǻ ʵδ Ƚϴ. ""ι"" ŵ."
2133, 5̿ ̤
2134,  ְ       3   ...
2135,  Ű  ܸ̾..
2136,ü ׸  ϴ°? Ʊ  ö󰡱⸸ ϸ ° ̴µ ۰ 忡 󸶳 ӻϽ   غ? ƹ    ̰ ƴϴ ¥;;
2137,     ٸ...
2138,õ Ƹٿ Ű٤Ф
2139,     ..Ͼ Ͼ     ׿
2140,ʵδ '߸'  ȵǼ '߸' Ƽ  ٵ  ٸִ°?
2141, ó    ʵξ ٵ  ܷ  ٸ?
2142,¥ 庻   ڳ׿....庻   ڸ ѹ濡   غ Ұ̴ϴ... е غϼ......()
2143,4 ε   
2144,"......, ..̴............,...ǥ......,,......."
2145,"[, Ŭʰ ̸    Űߴٰ մϴ]"
2146, ¥ Ż帳Ƴ׵餻
2147,",  ƴٰ ٷ   ȭ?"
2148,Ű ִµ  ȭ .....
2149, 2̼ ׷°   װ ̱游 ȭ   ϴ ù δ
2150,  ̿ 츮ֵ ູϻ ϰ
2151, ȸ λ ÷ ô   ֺ  ͿФФФФ
2152,Ҽ ົ   ´ٰ     ϳ׿̤(ù)
2153,ʵ...  µ?
2154, ٵ   ߻...  ְ
2155,[ 'ḻ ƴ' ڽ 5 ȸ ٸ  Ҽ б⸦ մϴ.]
2156, ƴ    ٴ
2157, ٵ ʵ.. Ҽ鼭 ø ̹ ʹ Ƽ Ҹ.......
2158,ƴ     ü  ׷°? 
2159,׵   ¥....
2160, ົ ´ٰ ̹ ̼ ϼ̾!!!+庻
2161,ʵΰ а ִ  ǥ ġ   ִ°ųā줻 ͿФ̤
2162,"[ , '潺 '  ڽ ̹ ι     ƴ϶ Ĩϴ! ]"
2163,ʵ..   ڶ    ֱ...?
2164,̸ ̸   ̴
2165, ົ   (1/10000000000)
2166, ƴ
2167,  ƴ......
2168,? 潺     µ
2169,Ƴjʵΰ å ݝڤ
2170,ۺϱ ˰ڴ  ȭ ٿԴٷ ׷ ȭ ʹٰ ׸  ȵȴٰ... ̸ 1ֵ  絥 ȭ ϰھ
2171,"[, '׹' ڽ ȱ׷ٸ  մϴ!]"
2172,    ߴٰ  ġ° ƴϰ..? Ǽ   Ų Կ ó־  ־  ҾȾ
2173, ذ   ߻
2174, ߴٰ  Һ 2 ϴ Ŭ
2175,ǥ
2176, ٵ ׷ ġ      ڶ  еε 
2177,       Ǵϱ
2178,"ʵ  īӰ .    ǰ   ϰŶ ع,,,"
2179,1? 濭̴ 2Դϴ٤Ф
2180,"[, '׹'   ϵ İ մϴ...]"
2181,"     "" ʵΰ ƴݾ"""" 縦    Դϴ.""""ƹư ģϴ """" ο  ״ϱ"""" ģ Ჲ  ðŵ""""ȳ """" ó ȸ  ̷ ݰ ̾"""" ־?  ƺ̳?"""", ȭǵ  ָ  !""((   Ŵٸ ׷ϴ.....׳    ̱ !!!^^"
2182,"۰   ÿϰ , ϰ  ƽ?"
2183, ʹ ߻  Ҽ 庻   
2184,  Ϳ Ŀ
2185,   ...
2186,ʵ  ߻
2187, 
2188,߰   ˰ ϳפʵξ  å   ״ζ ʹ 츮 濵 ȭ     ¥
2189,  1ϵ ƺ
2190,  ñϴ
2191,"[, '׹' ׹ ⸦  ٶϴ.]"
2192,غϱ ϰ ʾ   ȳԳ
2193,ļ 潺 ε Ż  ߳
2194,"[, ̷ ٺ ڰ   ٷƵǳİ Ӹ ֽ̰ϴ]"
2195,· 2 Ͼ??... ׷ ׷  ̴
2196,ʵδ ׷  Ż  ̶ ã ֳ õ뼺 ڱ ǳ ִ̰ 
2197,  ôߴٰ ٷ Į °  ⳪ 
2198,''.... ??
2199,׿߿ ʵΰ аִ  뤻 ġ  ϰ  ī򤻤 ׸   Ż  7 ̶Ϥ ׸   Ű  ʵΤФ
2200,Ե    ģ ٴµ ε(?)
2201,ƴ ߹  츮 濵 ȭ Ḹ 
2202,       Ű Ͷ  ʹ پ λ ߴ ;
2203,赶  ̷ ŭϰ 
2204, ġ ϴ     ִµϳ ϴ   ̰ٸ ϳ
2205,  Ϲ:  :   (Ⱦ )  ȵȴ! (۴:  )
2206,ʵ Ҽ Ȱͺ °  ó °Ͱ.. Ӹ ..
2207,ۿ   ǥ Ѷ ĳ ϸ鼭  ũ ߴ ͸ŭ    
2208,  ʵΰ а ִ ġ   
2209, ߻   ̴
2210,ۿȳ´
2211,̹ȭ Ÿ   Ϳ ġ ģ ִ  ׳ 
2212,"[, '׹'    Ѵٰ մϴ.]"
2213,     縦 ϰִµ   ָ ȵų  
2214,Ʈ) â  ǹֵ Ż  Ѵ
2215,赶   ƴ϶ 赶 
2216,츮   eh ϴ 
2217, ʵΰ а ִ  ġ    פ
2218,ȳ   Ϳ 
2219,"ʵΰ аִå ǥ  ó↶ ǥ ġ   ִ°Ŷ Ǳ ̳ ð̴,,,  񸻴 Ż     "
2220,"""ȳ, ."" Ҷ ǥ N׷!!  츮  ŷ!!ɱ۽Ԥٵ ̿߿     ǥ ̷ Ϳ Ǵ°ǰ?׸ ̴ ͵ ʹ ߻䤻"
2221,"[, '׹' õ  ׸ ϰڴٰ մϴ!]"
2222,츮: ׷: 
2223,  ʹ
2224,... ߻....
2225,赶 ¥   °  ó
2226,1. ʵ Ӹ 2. ʵ (ġ   )3.  縦  4.  ǥ ñ5.  ׷  츮  ܸ õ ... 赶   ϸ鼭    . 10 ص  ..
2227,"[, ù ٸ   Ű   Ǽҵ带  ޶ Źմϴ]"
2228,"    ,_,"
,
,
,
,
,
,
,
,
,
2229,ǥ  ̴   
2230,ƴ 
2231,赶    ó ϳפ ϰ ݾ!!
2232, ϰᳪ ּ.. ̷  ̶... ȭ ñϳ׿
2233,ڤ ø ʵΰ  ִ  Ż  7  ?
2234,  󱼺 Ű ´............ ..
2235,_?
,
,
,
,
,
,
,
,
,
,
,
,
,
2236, ڲ ʵ 缼  ûغ ¾ ¥ Ŀ 
2237,濵 2ä Һ    
2238,  Ӹ  Ų    ð ָ ڴ...
2239,Ե װ ˾ƿ?    縵 ehΰ   art ̰  eh ФФ
2240,׷  
2241,
2242,  ǥ ٴٳÿ  ġ ñ ִ°  ٵ  ġ ̸ °ųā줡
2243,
2244,׷Կ ʵξ ī ٴ... Ư ڹ  
2245,־߾߾־֤־־־־޾־־־־־־־־־־־־޾־־־־־־־־־־־֤֤־־־־־־־־־޻־߾߾־֤־־־־޾־־־־־־־־־־־־޾־־־־־־־־־־־֤֤־־־־־־־־־޻־߾߾־֤־־־־޾־־־־־־־־־־־־޾־־־־־־־־־־־֤֤־־־־־־־־־޻־߾߾־֤־־־־޾־־־־־־־־־־־־޾־־־־־־־־־־־֤֤־־־־־־־־־޻־߾߾־֤־־־־޾־־־־־־־־־־־־޾־־־־־־־־־־־֤֤־־־־־־־־־޻־߾߾־֤־־־־޾־־־־־־־־־־־־޾־־־־־־־־־־־֤֤־־־־־־־־־޻־߾߾־֤־־־־޾־־־־־־־־־־־־޾־־־־־־־־־־־֤֤־־־־־־־־־޻־߾߾־֤־־־־޾־־־־־־־־־־־־޾־־־־־־־־־־־֤֤־־־־־־־־־޻־߾߾־֤־־־־޾־־־־־־־־־־־־޾־־־־־־־־־־־֤֤־־־־־־־־־޻־߾߾־֤־־־־޾־־־־־־־־־־־־޾־־־־־־
2246,?????????????????????Ʈ????????ũ????????????? ????????????????????????????????? ??????? ??? ?????????.???
2247, ϻߴµ °ž   ƴ Ż  ͺ ݾ? ׸ ̹  Ű þ԰ ְ
2248,"[, Ŭʰ ̸    Űߴٰ մϴ]"
2249,
2250,ʵ  Į °žƴ? ڰ  ƴѰ  
2251,"'ó ȸڳ'  ΰ .. ׷ Կ ڱ ó־µ,,  ¸ "
2252,ƴ   ȲѰ  Ϳ... 
2253,ʹ Ϳ Ĥ
2254, ȸ μ  
2255, ʸ ̱ ; Ű ƿ   ִ   ĳ 
2256,׺ ʵΰ   ǥ  ö󱸿 ġ  .....
2257,  Ҹ 
2258,ȭ ȸ      ְ..  ô?
2259, ʳ׶  縦  ߴµ   ָ ȵǳ
2260,Ī
2261,  ¥ ʹ  ФФФ  縦   ...̤̤ 
2262, ΰ̸Ӷ鼭  
2263,ʵδ ' ڶ'    ֳ 
2264,ȭ  :   
2265, ̰   ̤
2266,ʵΰ  Ӹī  Ƕ ʵγ?
2267, ˼մϴ ¿
2268,ٵ ʵ ѰŶ  ٸ׿..ǰ ī ĥ ˾Ҵµ..
2269,  1Ī ַ 귯 ΰ ϰ Ǵ 찡  赶 Ӹ̳ ǵ  𸣰+ ʹ      · ۿ    µ ϰ 
2270,ƿ  ¿
2271,ʵΰ д ǥ ġ   
2272,ɿ ũġ  
2273, ȴ Ѥ
2274,׷ ʳ׵   ?
2275, ǥ  ̳ā줻 ġ 
2276, beautiful eu մϴ. ֳϸ 츮 ̴  ߻ 
2277,
2278,ƿ 
2279,׷   ġ?
2280, 츮 ģҸӴϵ  ˾
2281,  ФФФФФФ
2282, ʵ :     .:  ٸ  
2283, ߻   ̴
2284,ó ȸ 𤻤
2285, : ...  
2286, 
2287,Ż ʵξ 氡
2288, ''ڶ ϱ ''ϳ
2289, ¥ л ƴѵ 
2290, ̤  Ӹī ѿø ߻ ϴٰ ŵ
2291, Ŀ̽  ϴ ǵ 
2292, ˼ؿ ''''...
2293,̰͵ Ӹ α  !~ ٵ ι  װ  ƴ ^^
2294,   ȸ  1000 İ Ѿ...
2295,"[, Ŭʰ ̸     Űߴٰ մϴ]"
2296," ȭ ϴ  ʾ : Ӹ. : ȳ, . : ũ Ѵ.濵 : ȭ..."
2297,ʵ å  ǥ   ?
2298,Ҽ Դµ  Ÿ ' ó ȸ  ̷ ݰ ̾'  ϳפѰ  ʹ ޶󤻤
2299,  赶ڸ ߻ ׷
2300,  ɱٸ.....
2301,  ɰd̰ ̰ݾ!!!!
2302,?? : 
2303,ڶ󳪶 ӸӸ
2304,"ι: ʵι :Ӹ Ǻ ̹ȭ ϴ Ư¡:  Ӹ . д å: Ż  Ǵ Ŀ å ϴ : , : Ӹ    ߻ܼ"
2305,  ٰ 1ð Ⱦ...
2306,ʵΰ   ǥ ̶ ī  Ȥ
2307, Ż?
2308,ʵΰ ι  ɾִ° ƴ϶ι   1߸ 
2309,ڴ ġ ʳ  г... Կ ó־ ķ ÷ °ٵ λ ŭѰź
2310,ʵΰ дå   ű־
2311,Ҽ ϰ ͼ  ¥ ջ  Ԥ ФФФ̤̤̤ͤФФФ  ФФФ  ȭ ֽð   Ǯּ  Ф.. 
2312,ʵ ִ ǥ : ġ ִ ()аִ : (Ӹ)  7 ĵǥ : BIKACHU (ī)ð׿Ʈ𤻤
2313,  ۿ  ƹ͵  
2314, ļ Į  ڰ ġ!ϴ°  ϸ󰰆r
2315,KING IS BACK
2316,濵 : 
2317,ƿ   ģ
2318,ũ  ִ
2319,Ƴ ġڳ Ʈ  󱼤
2320,[ʵ] ()ݵ ()Ӹ ()  ݵ Ӹ Ͼ [] ()ſ ()Ŭ ()Ŀٶ ߿Ѱ ִ 
2321, ˼մϴ;;..
2322, 󱼷  ȭ ԰
2323,ʵΰ аִ  ǥ  ֳ  ʹ  ǥѰ ƴϳā줻
2324, ƹ      ...? Ǹ ¼µ ִµ
2325,"ֵ  ִ°  춱 ƤФ̤б׸ 赶 ʹ ƤФ̤ 赶 ¥ ŭϰ ""ȳ ?"" ϴ źФ"
2326,"(ȸ,ΰ, ϳ óϷ ӿ ó־µ ׶ ˵ λ,)"
2327,̰ Ϸ 99% 赶. Դϴ1%  
2328,Ӹ ³
2329,ʵΰ д å  »
2330,.. ü ϰ ٴѰž..
2331,"Ʊ赶ڤ         鼭 ""ȳ, ."" ϰ δ ó ȸڳ̶鼭  ϴ°  褻      Ф̤ФФ"
2332, Ӹµ Ӹī ʰ    ϵ Ƴ?
2333, üٷ¹ø   ־ Ӹī   ø±...
2334, ǥ ߤ ġ̰  ҳפ
2335, ׳   ߻ ݰ ڽľƤФФФ
2336,"""ȳ, ."" Ҷ ǥ N׷!!  츮  ŷ!!ɱ۽Ԥٵ ̿߿     ǥ ̷ Ϳ Ǵ°ǰ?׸ ̴ ͵ ʹ ߻䤻"
2337, Ű  Ʊ 
2338,ʵ  ڱ Ӹ  ͵   赶  ͵  
2339, ϱ   ϰ 칫ó īӳפ
2340,ƴ ʵΰ аִ å  Ŀ ڼ ϱ  ִ̰  Ÿ̶ ǥ ѵ...⵵ ΰǰ? ٵ  ׳  ?  ݴ Ƴ?
2341,ƈʵ åд° ġ  ° İ
2342,! ʹ !!  !!! Ф  ФФ
2343, ʹ 
2344,ٵ  Ϸ   ñϳ Ҽ ׳ ƹ  ..... ִµ
2345,    ̤!!!!!
2346, ų ̳     ̷  ֳ
2347,"""ȳ, ."" Ҷ ǥ N׷!!  츮  ŷ!!ɱ۽Ԥٵ ̿߿     ǥ ̷ Ϳ Ǵ°ǰ?׸ ̴ ͵ ʹ ߻䤻"
2348,    еǰڴ : ׷ ΰٿҼ : ͹̳
2349, ~~~~~~~
2350,   غ  ȳµ ̷Ϸ?
2351,???:  .
2352,  ڸ ô߾
2353,ȭ  ī 𰫴 
2354,̤    ϱ  ׿
2355, ڰ  
2356, ϱ  ٱϰ ϴ° ̶ פ
2357,߿   ιġ ĳ µ.... ׸  ϳ?
2358,ʵ ¥ ϴ    ̸ 赶 ƼŰŸī 丮    ˾Ҵµ е ʵ Ӹī ...
2359, ƴ 
2360, Ӹ Ǻ ʵδ ׷ ĵ õ뼺 ڱ ֿ..? нż̶ û뼭 ӸƳ
2361,"???:  赶, ݵ ׿ڴ"
2362,"[, Ŭʰ ̸     Űߴٰ մϴ]"
2363,̴  ȰԴ?
2364,ƈ赶  Կ ó־ Ŀ  ó °ǵ  ظ λϴ° ƴϳ
2365,"""ȳ, ."" Ҷ ǥ N׷!!  츮  ŷ!!ɱ۽Ԥٵ ̿߿     ǥ ̷ Ϳ Ǵ°ǰ?׸ ̴ ͵ ʹ ߻䤻"
2366, ..  Ÿٰ ٰ  ׷.. ׳  ..
2367,ʵ  󺸴  ణ ;;  İ 質 ߳  ߴµ ̰͵  ΰ
2368,  ̳ ѵ
2369, ̰ ̰ ź ۿ  Ż ˳ ΰƤťФФ
2370,ø  ڽϴ.....[װ ͳ.....?]                    :ÿ   װ ͳڸ װ װ ͳ 赶......??
2371, ǥ ΰ  ƴ?
2372, ¥ פ ϱ ٸ зȴµ ׷ 󱼿 ö  λϸ  
2373, ǰ   ߴ   ϱ Ա....
2374,ʵ...   ̹ ״ξ...
2375,"ι: ʵι :Ӹ Ǻ ̹ȭ ϴ Ư¡:  Ӹ . д å: Ż  Ǵ Ŀ å ϴ : , : Ӹ    ߻ܼ"
2376, 濵 ì鼭    ִ° ϴ٤̤ ¥  ε
2377,"""ȳ, ."" Ҷ ǥ N׷!!  츮  ŷ!!ɱ۽Ԥٵ ̿߿     ǥ ̷ Ϳ Ǵ°ǰ?׸ ̴ ͵ ʹ ߻䤻"
2378,  ʹ ͿФФ  θθ
2379,ʵξ 48̾... ̾... 50... ٵ 40ε  Ż°ž..? ...  ̾
2380,   Ѵ   ڰ  µ..
2381, ʹ Ϳȭ ī ¯¯ ߻ջ  ׾ ε̹ȭ  κ?? Ϳΰ ťФФ
2382, ߴͺ ߻褧
2383,񺸵  ߸ ü ̳ ϱ淡 ڸ  Ǿֳ
2384, ʵ  
2385, ܸ𹫽̾
2386,  Ư  ׳
2387,ƴ ø   åǥ ׷  ̵ ׷ ų  ٵ Ż ⸸  ʵξ   ϰʹ 
2388,   ƴ
2389, ֱ׷ ߻   λ ..
2390,   縦    Ҷ ϰ ϸ鼭 ȳ  θ ظ θפ
2391,5252  ϰ֟´ٰ!
2392,ƴ  縦  ѰŸ ᰡ ƴ϶   ƴϳİ       Ф̤ФФ
2393,åǥ  Ҵµ ſΰ?
2394,"""ȳ, ."" Ҷ ǥ N׷!!  츮  ŷ!!ɱ۽Ԥٵ ̿߿     ǥ ̷ Ϳ Ǵ°ǰ?׸ ̴ ͵ ʹ ߻䤻"
2395,縦  ᤻
2396, 濵 2ֵ ȭ   ...
2397,¥   ƹ     ³İФ
2398, ǿ    ھ?
2399,׷ Ӹ Ǻ̶ õ뼺 н̴ ׷    ڱ Ӹ  ںν ִµ ʵδ ڱӸ ڷ  ֳ  ߸ߴ  ڽľ
2400,  ϴ±
2401,̾... ߻..........
2402,ü ΰ  .. ġ 1Ī ڰ ȭ   ڰ ȭ ˾Ƴ Ҽ
2403,Ŀ  ȵǰڳ  ű ߸  ͺ
2404,     ʵ Ӹ  ٽ ٴ ̶...
2405,ʵΰ а ִ   ƴ?
2406, ̶ ̹  ƺϱ  ¾󱼺 Į ̰ƿ 
2407,ʵ ڱ Ӹ ̷    ο ̷  ־
2408,赶 ȸ 500ΰ  100 ̷פ  
2409,ʵ ǥ ӳΰ ̾??
2410,ʵξ   õ Ѵ ڵ鿡  ϰ ־  ϰδ 
2411,Ȯ ̶ Ӹ ϱ  ..
2412,.... ԰ ʵδ 'Ϸ' õ뼺  ''Դϴ ׳ ׷ٰ 
2413, 濵 2°  ΰ ִµ Ǹ  ΰ ʵ Ӹ  ġ 
2414,"""ȳ, ."" Ҷ ǥ N׷!!  츮  ŷ!!ɱ۽Ԥٵ ̿߿     ǥ ̷ Ϳ Ǵ°ǰ?׸ ̴ ͵ ʹ ߻䤻"
2415,ĳ ̹ȭ ʹƼ ۵ھ
2416, ش ٸ Ѵ װ ̾ ?
2417,׷ 濵 ȭ  ٰ? 
2418, ̸⸦ ּ
2419,  ڰ  ־
2420,ʵ    ̹ ʹ ڤ
2421, ļ ִµ Ʈ? ¥   ΰ
2422,  ڱ  ٰ Į ̴ ųİ 
2423, ʵ  ˾Ҵµ ȳ Ǹ̳׿.... ̻   ........
2424, ߿   ߻ ĳͰ ´ٴ° ƴϾ...󸶳 ߻淡...
2425, Գ
2426, ¥ ߻
2427, ñմϴ Ű  ּФ
2428,츮  2ֵ ȭ     Ƥ
2429,ʵδ '߸'  ȵǴ° '߸' Ƽ ٸ ֳ;;
2430,۰  赶 ƿ ĳ  Ű  Ť
2431,ʵξ ö ֵΰ?
2432,ƆE ̶   줻 Ϳ ʵ.....Ż...... 
2433,ֿ  ϱ ()̶  ־  () ̳׿(  ġϰ ;  )
2434,  ڸ   ϴ
2435,"ι: ʵι :Ӹ Ǻ ̹ȭ ϴ Ư¡:  Ӹ . д å: Ż  Ǵ Ŀ å ϴ : , : Ӹ    ߻ܼ"
2436,ƴ   פ Ǥk  Ϳ
2437,   ѵ..󸶳 ѰŴ
2438,̸ ̸Ⱑ ʿ   Ʈ޴´٤ФФФФФФФФФ ʹ վ 
2439,ʵκ ()ݵ ()Ӹ () ° ݵ Ӹ Ͼ ̸   ̾
2440,赶 ɱ۴ɱ Ƥ
2441, ũ û ù  ׸̾ 
2442,  ǥ Ϳ 
2443,赶  ݱܴ°ź ̰ ̰ ٳפ̤̤
2444,[:찡 () ȭ ϴ]
2445, ġ(?)̶ Vġ  Ӥ
2446, ƴ  ߻夤0
2447,  Ǹ 
2448,  ̷ ٸ° ϴµд!
2449,  Ű 183Դϴ  ڵ  ũѰ  Ű   ø?
2450, ƹ  νĳε  ƽο 
2451,ʵ а ִ  ǥ ڼ     ־ 
2452,  ߻
2453,ƴ ٵ   ?? մµ ֱ׷..
2454,ʵΰ д å ī򵷰
2455, ӸӸ ؼ Ӹ    ǸƤ
2456,"[, '׹' õ ׹ Ȱģٸ  ϴ.]"
2457,ʵξ Ż𿡿?? ƴϸ õ Ӹ??
2458, ũ û ù  ׸̾ 
2459,ȭ  ᡹ ̾߱⸦ մϴ.
2460,"߰ ^^/ "" ȳ, . ""  κ ʹ ظƼ  䰡.."
2461,
2462, 縦  .. Ҽ а ´뤻
2463,Ϻ ΰ ˰  Ƚ.....
2464,赶 ̿
2465," ׿߿ ""ȳ, ."" ϰ ֳ "
2466,¥  
2467,ʵζ    ٴ   ͸ ġ°ű Ƴ... 
2468, 赶 ɱ۰Ÿ° 
2469, ӸӸ? ֱ׷...
2470,"""ٰ̻δ"" ^^"
2471,ߴٰ ˵?  ֱ
2472,ƴ ¥ Ҽ ó   ̸ з ߴ     ..................... ¥ ģ ̸ ħ
2473,  ƴ ư. ϰ 濵 δ  ִ°  ϴ ҰŰ Ʊظٸ ˾Ҵµ ģ
2474,ʵ аִ å  Ŀ  赶ڷ Ǵ ΰ ִ̰µ...ڰ   ܼ  ׸ǰ?
2475, 縦   Դϴٸ ϰԸؤѹ  ôٰ γڳ 
2476,..... õ뼺  '' Ż! 
2477,...赶 󱼷  ԰~
2478,ƴ Ӹ Ǻ ľ   ʾ  ƴϾ... ׷ ŸƮ̳  ư ٸ 簡 ٵ ٸ ״ 潺   ְ Ǻ״ Ӹ... ¥  ¥ ʹߴ
2479, ִ ..   ʾҾ..?
2480,ƴ ø   åǥ ׷  ̵ ׷ ų  ٵ Ż ⸸  ʵξ   ϰʹ 
2481,^^
2482, ʰ ̆r
2483,   ũ ߴ θ.....
2484,"""ȳ, ."" Ҷ ǥ N׷!!  츮  ŷ!!ɱ۽Ԥٵ ̿߿     ǥ ̷ Ϳ Ǵ°ǰ?׸ ̴ ͵ ʹ ߻䤻"
2485,濵 : 
2486,赶  ԃ
2487, ġ  ڤ ¥ ̼׼ ״ Գ 
2488,̷..Ż
2489,"""ȳ, ."" Ҷ ǥ N׷!!  츮  ŷ!!ɱ۽Ԥٵ ̿߿     ǥ ̷ Ϳ Ǵ°ǰ?׸ ̴ ͵ ʹ ߻䤻"
2490,ƴ  ̶ ġ 줻 ī Ӥ
2491,Ҽ 29ȭ 66% ̾ϴ
2492,ۿ ʾ  ȳԴŰ 
2493, ¯  j
2494,ʵδ '߸'  ȵǼ ½ϴ±..'߸'Ƽ  ϱ
2495,: ̱濵:Ұ ٰ  Ŀճ!
2496,"ʵ ڿ  о ϴٴ ʹ """" ൿ̾"
2497,???: 
2498,  ӱ ƤФФФФФФ 
2499,"ϴ» 5%, ϴ»80%,Ӹ 帳ġ» 10%, մµ帳 ġ» 3%   2% ?  2% ?"
2500,  tmi!  Ű 183Դϴ
2501, Ϸ   Ѱź 赶  ϷŰ 
2502,"""ȳ, ."" Ҷ ǥ N׷!!  츮  ŷ!!ɱ۽Ԥٵ ̿߿     ǥ ̷ Ϳ Ǵ°ǰ?׸ ̴ ͵ ʹ ߻䤻"
2503,:  ̸ Ѹ ̳:   : ߽̾ζѴ  ϰ  !!!!!
2504,赶 ĥ  ʵ 밡  ٻڰ ư  פ
2505,ʵ  ʿ ī򹹝 ī򵷰 ־
2506,"Ӹ =  / ʵ = ݸӸӸ = , = ǳ ׷ ڰ ̱ϴ."
2507, Ű 180...
2508,ٵ ʹaιߤ
2509,Ҽ ٸ   ƿ 
2510,ι 
2511, Ҽ ȭΰ??
2512,ƴ  ڰ   ϴϱ ٵ  İ 
2513,ʵ Ӹΰ ̹ ôµ ڴ ־°ž
2514,åǥ ġ ̾...ƾƾƤ!!!!!!!
2515, ǥ ̳ ظ 
2516,͹ģ  õ 
2517, 󱼶   
2518,  赶ڴ  ƿ ĳ   ..
2519, ¥   ƴ  ̳
2520,濵  ΰڴ  ׸ο
2521,ʵ  ǥ  
2522,170 ̶ 160  Ű ..
2523,濵:   ҰŰٰ: ̾..
2524, 縦  ߴٴ   ׷ ϰ ϴµ
2525,׷ Ӹ Ǻ̶ õ뼺 н̴ ׷    ڱ Ӹ  ںν ִµ ʵδ ڱӸ ڷ  ֳ  ߸ߴ  ڽľ
2526,õ뼺 Ż´
2527,ʵ  ׷  ̿..? 
2528, ʵ  ִ å ǥ ̶ ġā줻
2529,  ε  b     
2530,ƹ  ӸӸ...
2531,    ̷Ը  ̾
2532, ¥ ֹ
2533,׺е   Ф ׶  Ȼ    Ф
2534,¥  ʾ  Ż õ뼺 ӸӸ 
2535,ʵΰ..Ż𿴱.. 
2536,Ⱦ Ӹ?
2537, ϵԴϴٳ ϰ ޸
2538,¥  ʹш
2539, ݵ ʸӸ α׸Ͽ ʵ ӸӸ ʿ̾ Ѵ....
2540,ֿ  ϱ ()̶  ־  () ̳׿
2541,ƴ ۵ 帳 Ƴİ 
2542,  ׷  ĳ  ߸ߴ 
2543, ޹Ѵ
2544,濵 ȭ ...?
2545, ʹԤ
2546,赶ڶ   ٴ   ȣ ߱
2547,ʵδ Ӹ 
2548,~~   7  Ÿھ߳ Ƿ翧 ? ̻ϳ..
2549,"[, '׹' õ  ġԴٰ մϴ!]"
2550,    ׷ִ° ġ???
2551,  ǥ   ο  
2552,Ҽ մµ Ҽ  ٸ Ʈ ϱ  ճ 
2553,ٵ  ¥ ߻...
2554,¥  ״ 輼 ̱ ʵ...
2555,赫 ڿ ͤ
2556,  Ҽ Ⱑ  ٸ ѵ ϸ鼭    
2557,¥ .......
2558, ӸӸ
2559,׷ ̰ ʵ
2560,¥  赶  ߴ~
2561,̹ İ...  
2562, å ?! 
2563,̶  ɾ  ź ٸ 褻 λ  ȥڻ ׷  ȥ ٻƶ
2564,ʵΰ Ż𿴴ٴ... Ҽ މµ  ô    ߾µ...
2565, μ־?
2566,ʵ... Ż𿴱...
2567,   ...  
2568,ƴ   ִ  ǥ ? 
2569,ʵ    ִ° Ӥ
2570,"Ҽ   󱼷 "" 縦  Դϴ"" ܤ  ׸ õ   λ礻 ġ ģ٤"
2571,"[, Ŭʰ ׷   غ մϴ  Ű ߴ ׷ ٰ մϴ]"
2572,ʵΰ  ½ ϴ ˾Ƴ¾.߸ ȵǼ ߸Ƽ ɴ° ҰѰſ
2573, ڰ   ٰ Ѵ
2574,ġ İ å ǥ ô뿡 ɸ  ƴφZ
2575,  °Ť
2576, ¥ ߻ ٵ ......(ָ)
2577, Ӹ   ڸ  ޶̳
2578, ޸° 餷....
2579,Ҽ   Ʈ ֳ 
2580,  ǥ  ο  ڤ
2581,̴ ~
2582,ʵ  '' ൿ ϳ... 赶ڿ  о  ϴٴ
2583, Ǻ Ϸ Ͼ..׷ ߻ ƴ..
2584, ƿ 赶ڸ  ϴ   Ƶƿ?  ƴ϶  ? ... · ƿ Ŷ ϱ ߳... ʳ ģ  ³ ھ ĳؼ ߴ
2585,  аϴ± 
2586,??: \(^^) ȳ 
2587,    󼼿!!!!!!!
2588,å ġ ¥ ģǰ 
2589, Ͼ 翷  'ι'  ݾƿ  Ǻ ޸
2590,赶 ϴ°ͺ   ϲ ?? ٵ ϲ...
2591, [Ű     Թ  Ǵٸ ڰ.....]
2592,տ  Ӹī ӻ̳ Ӹ Ǻ ⿣ ¥  ߽Ű Ͱڴ 
2593, 濵̴ ȭ   ƾ ϳפФ   
2594,ʵκ ()ݵ ()Ӹ ()  ݵ Ӹ Ͼ 
2595,..  ΰŶ  Ѵ ̾ƴϳ..
2596,Ż   ʳ״ ȱ׷Ű???
2597,ʵ... ھ Ծ....(ù)
2598,norns  丮  ...
2599, Ȳϴ ź
2600, ƴ ʵΰ а ִå  
2601, ʵΰ д å  ̰ ġ ԰( Ϳ
2602,  
2603,ƴ å ǥ   ְ  ô ̰ ֳ  
2604,赶  ڱ ҸҶ    θ° װ
2605,ʊbġڈåǥ   ھ
2606,  ôߴµ ü ߰ߵɵ
2607,  Ѵٰ ƮĿ   θ ޵Ǿµ  ٽ ±Ф
2608,ʵδ    ׿ 'ڶ' ϱ
2609, 󱼷  ϴ
2610,"[, Ŭʰ ̸     ߴٰ մϴ]"
2611,߿  ִ  ٸ ȭ Űܰ ¾
2612,  ʹ Ϳ٤
2613,ȳ  ȳ  ȳ  ȳ  ȳ  ȳ  ȳ  ȳ  ȳ  ȳ  ȳ  ȳ  ȳ  ȳ  ȳ  ȳ  ȳ  ȳ  ȳ  ȳ  ȳ  ȳ  ȳ  ȳ  ȳ  ȳ  ȳ  ȳ  ȳ  ȳ  ȳ  ȳ  ȳ  ȳ  ȳ  ȳ  ȳ  ȳ  ȳ  ȳ  ȳ  ȳ  ȳ  ȳ  ȳ  ȳ  ȳ  ȳ  ȳ  ȳ  ȳ  ȳ  ȳ  ȳ  ȳ  ȳ  ȳ  ȳ  ȳ  ȳ  ȳ  ȳ  ȳ  ȳ  ȳ  ȳ  ȳ  ȳ  ȳ  ȳ  ȳ  
2614, ٰ  󱼺ϱ ʹݿ Դ Ѹ ֳ
2615,ňR夡  ...O
2616,׷ 츮 濵 ȭ     ׷Ȱڴ٤Ф
2617,ƈ ʵΰ  ִ å 赶ڰ   
2618, Ǹ..
2619,  ʹ  Ϳ٤
2620,ֿ  ϱ ()̶ ־    ()̳׿ 
2621,(  ϳ     ϴ)
2622,̸::28184cm((¥ ػ:8 3:ΰ̸Ӱ  
2623,Ӥ
2624,̴ Դϴ.                                   [ȸ]
2625, ȭ    
2626,Ե   ϱ 񺸼
2627, ⷰ  ּ...   ġ  ּ...  Ȳ   ּ... ȭ ּ...
2628,ʵ 簡 аִ å ˴뿡  Ŵ޷ ֳ׿   ˰ ʹ Ŀݾ
2629, ڷ  ʾϴ...̹  þ....ӸӸΰ.....
2630, ̴
2631,103  ̱ 帳  ʴ´
2632,׷ ʾ ׷ִ    ִ¾ְ 賲ΰ?
2633, ߿Դ
2634,׷  񵷱  ??
2635,ʵΰ аִ å Ŀ  ִ ݝڤ
2636,.. 󱼺ϱ ڱ  崩..
2637,10߿ 巡ﺼ ֳ?
2638,   Ƴ.... Ʈ길  ָ Ϻѵ...............
2639,׷ ·    鼭 ݾ     ٸ   ״   ̹ α׷    ư ݾ ٵ 赶 ϴ   ȭ ٷ Į  
2640,ʵ  ϱ ׳    
2641,̹ȭ ̴
2642,  ǥ ¥ ѿܼ Ű Լӿ پ˾Ҵ ϰ Ƶƿͼ   ȳ ƺ̳  ̷ Ƶ ̾ 
2643,ʵ ¥    ״ ̹
2644,å   ؼ ġ 
2645, Ҽ 濵̰ ȭ  ƴ϶ ΰ ׳̿ װ ġä   ȭ ʹٰ ϴ°  մ ..Ф
2646,!!!!!!!!!!!..........н ̸ ڸ  Դϴ
2647,"  ҹ̰   Ű ̳  ʵ ˰Ծ ,,  ܸ  Ű   ڱ ,,  ,,"
2648,  ź ѳƤ
2649,  Ż
2650,ƹ Ұ ôٰ ص Ǵ   ôٿ)<ε>
2651,󸶸 ̳Ĥ̤
2652,ʵ ¥   Ȱ  ϷƮʹ ؿ
2653,"ƾƾƾƾƾƾƾƾƾ!!!!!![ι,  ũ մϴ!][ι,  ũ մϴ!][ι,  ũ մϴ!][ι,  ũ մϴ!][ι,  ũ մϴ!][ι,  ũ մϴ!][ι,  ũ մϴ!][ι,  ũ մϴ!][ι,  ũ մϴ!][ι,  ũ մϴ!][ι,  ũ մϴ!][ι,  ũ մϴ!][ι,  ũ մϴ!][ι,  ũ մϴ!][ι,  ũ մϴ!][ι,  ũ մϴ!][ι,  ũ մϴ!][ι,  ũ մϴ!][ι,  ũ մϴ!][ι,  ũ մϴ!][ι,  ũ մϴ!][ι,  ũ մϴ"
2654,ʵ < >  Բ    ȭǻ bikachew  Բ  ī򤻤
2655,"¥ ڱ ׷  µ, 츮   īο     .칫ó"
2656,? ... ε ..ī.  Ű ߳?ʵξ  й߳?
2657,bae  ˼մϴ٤.
2658,϶ ι   ʹ Ƽ   ̴ϴ :)
2659,  ϳפ
2660, ̳( )
2661, ǥ  ̰ ֳ 
2662,  ģϰ θ      ȭ   ƼŰŸī ¥   ɹ  ʹ 
2663,  ϳװ ̳?
2664,󱼸  մ
2665,"[,Ű 뿹    ȭ Ǿϴ]"
2666,
2667,ù    ̳
2668,
2669,Ҽ о ʵΰ Ż ϸ鼭 ʾҴµ.........ڶ󳪶ӸӸ
2670,赶  ϴ° 褻   Ը յ 
2671,ƴ ʵΰ а ִ åǥ   ͵ ̴ ͵ ݾ ü İ
2672,
2673,
2674,õ뼺 ߳δ   ƴѰ...
2675,  ġ   ֳİ ׷   »̳İ
2676,  Ҽ  ´  з̶  ϰ  ´ٴ  ϰ ٷ Ű 
2677,
2678,e!!!
2679,Ӹ  ѹ߹ۿ  ?? 'ι'̾ 
2680,   ǥ ϱ
2681,Ӹī 潺  ߳ 
2682,
2683,   ̴.
2684,̰   Ȯͼ  մϴ
2685,  Դ..  ..
2686,
2687,ö ļ  ֳ?   ?
2688, ôµ ߰ Ʈ  ֵ ׳ ϶ ƴ϶ ϶̶ ߳׿俢Ʈ ٿֳ  ų ¾
2689,ھ  ̷  ϴµ   Ѱž 
2690,ʵ ⷰ 
2691,ڳ     鼭 񺸴 ϴٰ φr
2692, õ뼺 ߳Τʹ
2693,       Ī ƴѰ ϰ ˾     ôϴϱ ׳ ̷ 
2694,ʵ åǥ  
2695, ⷰ  ּ...   ġ  ּ...    ּ... 
2696,ȳ      ʹ ظ  ƴϳā줻
2697,Ҽ 29ȭ 66%  ̾ϴ:)
2698,"ڶ󳪶ӸӸ[, ˼ Ӹ   ̸ Ĩϴ.][,Ӹ Ǻ г ǥմϴ.]ʵ:......"
2699,...ȣ .Ͼ ..ٿ.
2700,    Ż   Ҽ  
2701, 
2702,     ־
2703,ʵ  ڿ  ߴٴ '' ൿ̳
2704,赶  ڱ ҸҶ    θ° װ
2705, Ф  ִ ФФ 嵮 ߱ Ф
2706,ƴ ι°  ¥ 
2707,  ٷȴ ȸ °Ŵ  ڿ 縦  ϸ ФФФФ
2708,濵 2°  ݾ  ֶ
2709,...ߴ ״ݾ...?
2710,... ְ ٷ...
2711,׵  ٴ ھ... ϰ ׼  ݾ..
2712,ʵ åǥ  ־
2713,赶 ¥ ġڴ  ׾  а   .. ̸ 귯 ̺  ׷ ̰  ߸ װ   ߸ ״´ ױ  Ѹ  о
2714,"[, ' '   ̶ մϴ.]"
2715, ô߾
2716, Ϳ 
2717,   Ű
2718,̹ȭ ̳׿
2719,; ̹ȭ  󱼹ۿ ȳ....
2720,ȳ  ̴  ߻屸
2721,"[, Ŭʰ ̸     Űߴٰ մϴ]"
2722,    ɷ ̳
2723,"ʾǺκ ʵ ڿ    𸣰 ʹ ڽð ߻,,      ߿ ?"
2724,õ뼺  ƴ϶ Ŷ  īƮ Ƥ
2725,ھ ״ Ѵ    ڳ
2726, ƴ ȭ  ֶ̤̤
2727,߰ ʵΰ  < >  ʿ ī ְ(+ī)ʿ ġ ... 
2728, ٰ ٷ Į  ϳ׸´  
2729,ھ   ض
2730,ƴ Ƥ
2731, ¥  ̰    ȭ ̴
2732,  Ӵ
2733,Ű߾ƾ     Ҽ   ȉµ Ծ ó   ʵ ˰־  
2734,赶   1  ϰ  ִ°ź...¥ õ ̴
2735,  ȭ ȭ
2736,???: Ű ڸ  ٷԴٿ
2737, Żȯ ߳ ξ ٽ½ õ뼺 փ
2738,"ֳ,  ... 帣 Źֳ,  ... 帣 Źֳ,  ... 帣 Źֳ,  ... 帣 Źֳ,  ... 帣 Źֳ,  ... 帣 Źֳ,  ... 帣 Źֳ,  ... 帣 Źֳ,  ... 帣 Ź"
2739, ݰ  ǥ  ̷ ̿   
2740,̰ Ҽ ȭ ?
2741,赶 ¥ Ӱ ʹ Ϳ
2742, ¥  ź̳
2743,ڶ󳪶 ӸӸ
2744,ʵ ⣟  ġ ̙n
2745, ʵδ    ״ 2 
2746,ʵδ 1000  1000¥   Ƴ...
2747,ʵ.... Ӹ....
2748,ȭ  ÷
2749,ߵ    ȵƴµ ƼŰŸī Ƴ  
2750,ƴ ۰ ̳İD   ǥ    ģ
2751,õ 츮 ̴ ߻
2752,ʵ  α...
2753,???:  
2754, ǹ νĵǸ  
2755,   Ϳ
2756,ʵΰ а ִ  ǥ  ̴ ̰  ∪
2757,̴   ʾƵ  
2758,
2759, ص ǹִ ֱ...  ...
2760, ġ ϴµ    ִµϳ ϴ   ̰ٸ ϳ
2761,...  ۰? ž  ε  ø ϸ   ص  αٰŷ
2762,þٰ  δϴ
2763, 츮  ִ°ź ˰
2764,  
2765,ƴ ھ 10 Ѱ  Ҽ̶ ϰ  ϵڶ ׷ ġ ڰ ̸     ʹ 褻 ׷  ϸ ϰ ... װ  
2766, 縦   ᤻
2767,赶  . ȳ  Ѥ
2768,"ʵδ ᱹ ࿡ ۿ ϴ. ֳĸ ʵ ž ִ ź ""ι""ۿ ŵ "
2769,  ȭ 
2770, ̳ ߻
2771,¥  ɱ۰Ÿ ʹ ٤Ф
2772,ʵ Ӹ... (ָ)
2773,"  ϱ  ߻Ű,,....."
2774, 縦   Դϴٸ  ϰ ϳİ 
2775,: :װ 
2776,"""ȳ, ."" Ҷ ǥ N׷!!  츮  ŷ!!ɱ۽Ԥ"
2777,ʵθủ Ϳװڳ
2778,  ɱ۸° ȳ  ϴ° İ
2779, ° ƴ? 1500̳
2780,"???:  , ."
2781,  󱼵 ߻屸 ̴
2782,ʵΰ  аִ κ~~   7hoxy Ż?
2783,츮  ǿ~?~~?~???~^^^^
2784,ʵ  ڿ  ߴٴ ʹ '' ൿݾ
2785, ź̳ 
2786,  ζ߾0(-(
2787,Ǵ ǹֿ ⿡   ٴ  ±
2788, õ뼺 Դϴ;;
2789,ʵΰ дå 'Ż   7' 
2790,ʵ  ǥ     
2791, ŷ޾Ҵ
2792,"""ȳ, ."" Ҷ ǥ N׷!!  츮  ŷ!!ɱ۽Ԥ"
2793,  Ǵ !
2794, Ż  ۿ פ
2795,  õ Ӹ Ŵ̤̤̤̤̤
2796, ź ƴϳ.. Ż  ڴ
2797,ȭ  ̶ ڸ ߳~
2798,ٵ ٸ !!!̷V   ġ !!! ϝ
2799,  õ Ӹ Ŵ̤̤̤̤̤
2800,     ׸...
2801, ģ  ԾФФѤ
2802, ʵ ǥ Ȱ֤
2803,  Դϴ Ҷ  ѱ鼭 ϴپ˾Ҵµ ܷ ʹ ؼ Ȳ
2804, =  ΰų 
2805, ۰ ϴ ǰ ʵΰ д  ָϼ
2806,ƴ  ʵ ʹ  Ѵ ťФФФ
2807,"[, 'Űºī'   ̸ ߽ϴ.]"
2808,õ뼺  ƴ?
2809,ʵ å ǥ  ̴ ε
2810,̸ ٷԾ 
2811, 񺸴ϱ ʵ ڱ ҽ
2812, ̾ !!!!
2813, ʹ ظ 鼭 λϴ  ƴϳİ    ¥ ġͳ
2814,ƴ ̹ȭ 赶  ߻
2815,ʵ  ׸ ߤ  ġ 
2816, °  ߻ ̤̤ ̼ҿ ġδ ġ 
2817,츮   ź   ܸٱ׸  'ȳ'   ̿鼭 ǰ ڰ פ
2818,  
2819, μ ֳ
2820,.. ٸ° 1̰ °..1?
2821,ʵ д  ǥ       ¥ ̷  ʹ 
2822, ϴ° ι  ⳿ ð̳
2823, ǥ  
2824,赶 ĳ ƿ ҷ   
2825,  Ŷ غô Ҽ  û   ߴű
2826,ʵ д ī򵷱 Ĥ
2827,å õϴ ߸ ϵ
2828,ʵ  Ϳ ủ..? ťƼϳ
2829,   鿪  嶳
2830, 赶ڶ Ϸ ߴ!!!!   !!!!!! ٱ!!!!! ʰ ̷Ƶ ̸ ִܿ
2831,  °   ߻Ű ƾ ̤̤
2832, ڰ ̱ۻ    Ⱕ  и    Ŀϴ  Ŵ
2833,ʵ Ӹ ƴҰ Ҵµ
2834,???: 
2835, ¥ ߻ ܸ  
2836,¥  ϳװ ϳ Ż  ź ̰ ϰ ڴ
2837,濵 ȭ   
2838, ʵ ⿡  餻
2839,ݱ  ȾƳѱ 鼭¼ȯ פ
2840, 󱼺ϱ  ŭ ..
2841,þٰ ׿פ
2842, ȭ  𰬴 
2843,
2844,ٵ   ȺϷ 
2845,ʵ  мųʺ ̳ߤ
2846, Ӹī  Ű鼭 ϰ  ų   
2847,ʵΰ аִ  ġ ִ° ̰  ִ° īΰǁJ  ɰѵ Ʈ ʹ ؿ ۰Ԥ
2848,ֱ ȭ 
2849,Ƹ 赶ڶ ҷ߰
2850, BIKACHU
2851, ʵζ   ϴ° Ϳפ
2852, ġ ϴµ    ִµϳ ϴ   ̰ٸ ϳ
2853, ü  å д Ŵ ʵξ..? ǥ ġ ̿  Ż  ..? ǥ   ְ 
2854,赶  ĮߴŰ 
2855, ̸ ߻
2856,ó ȸ 𤻤
2857,ٵ  츮 ڰ  ߻Ű
2858,ʵΰ а ִ  ǥ   Ұž... ۰Ե  ʹ Ƽ 
2859,츮   Ű ̻հ ɰ ~~
2860,Į ̾Ƽ ʵ Ϸ° ƴ?
2861,߰  赶ڶ ϷŰ
2862,ʵ д  ǥ 䤻   ̰ ֳı..  赶 ϰŶ ??
2863,"[, Ŭʰ ̸   ̹ ۵ ڽ  Űߴٰ մϴ]"
2864,ʵζ  °ͺ
2865,???:θӸ~Ӹ~ǵǵ ~
2866,̹ȭ ( )̳׿
2867,Ʊ赶ڿ° ʹ̻ڴ ..
2868, ¥     δѴ ;
2869,ʵδ ڸ ̱մϴ ֳİ? ͷ ź 'ι'ۿ ŵ 
2870, ȭ ƴ 
2871,   ġ  ƴϳĤʿְű־
2872, ̸ ȭ...    ѷϳ...
2873,.. Ʈ º  ְԤ̻ܼ ʹ ƽ
2874,ȳ  
2875,ź±  濵 ìִ 赶...  ̾ƴ϶  Ƕϱ?
2876,  ٸ ȭ 
2877,
2878, ߳ ՉV
2879,濵 ȭ    ڤФҼ?
2880,¥  ° ְ
2881,  ¥...ʹϴ...
2882, ¥ ġڈ
2883, ȳ Ҷ ↶
2884,: ھ  ȭ ..? Ķ ڲ  ڲ  
2885,濵 ȭ     ΰδ
2886,"Ҽ ڰ   Į   ƴ϶,  ַ  Į ̾Ҵٰ ֽϴ     ʵ   ɹ ̳"
2887,ʵ  ̳? ġ гĤ
2888,( ̶¶)
2889, ⷰ Ƴİ ȥڴ°ž  ¥ 
2890, 迡 Żε Ѹ Ѷ   ִٴ ...!
2891, ϳװ  
2892, Դ  ¸Ѵ
2893,ʵ 'Ż   7'
2894,¥ ʵ ý丮 ǿ ο쳪  ȴ
2895,   ¥ϰ  
2896,ũ ٴڰ    ֿ ¾󱼷  츮 Ф
2897,    ϴ° V
2898, Ʈ ļ  ֳ ٸ
2899,ʵΰ ִ »  ǥ  ƺ̴µ  ׷ž?
2900,赶 ظ   ƺδ ̷° ʹ  ФФФФФФФФо ¥ ġھ
2901,ʵξ......... ¥ ˼ѵ...... Ӹ ѹ Ӿƺ ſ.........?¥ ѹ......
2902,  Գ? ۿ Ⱥ̴?
2903,赶 ¿ ǥ ģ ¥
2904,ȳ   ϴ   ʹ 
2905,ǹֺе Ӹī 
2906,  ׷  ôµ  ٰ   Į ̳
2907,¥  ӳĸ   赶ڶ ̸  ʾҴµ    ϴ  ־!    赶  ˰  Ŷ󱸿 .... 
2908,Ҽ Դ ʵ ִ ǵ ׷ֳ
2909,  ʹ߻ LФ
2910,  ̱
2911,ʵΰ аִ    Ȥ ̳Ĥ
2912,ڴ ʵο ٸ 'ι' ־  ɾ   
2913,ε Ż ġᰡ ȵǴ°ǰ 
2914,ȭ  ش޶ Ѱ ׷ ߸ΰ...
2915,ٵ   Ʈ....Ʈó    ־
2916,ƾƾƾƾƾ!!!!! ƾƾƾ֤ƾƾ֤!!!!! ƾƾƾξƾƾƾ֤!!!!!ƾƾƾƾ!!!!!!!!!Ǿƾƾ֤ää!!!!!!!!!!!!!!!!!!.!!!!!!!!!!!!!!!ؾƾƾƾƾ־׾;!!!!!!!!!!!!!!!ƾƾƾƾƾƾƾƾƾƾ!!!!!!!!ƾƾƾƾ!!!!!!!!!ƾƾƾƾƾƾƾƾƾƾƾƾƾ֤ǾƾǾ׾ǾǾƾ־־־־־̤Ҥ!!!!!!!
2917,"[,  ˼ ʵθ    մϴ][ڶ󳪶 ӸӸ~~]"
2918,  ִ ׸ 赶ڰ  °ǰ 
2919, ɷ ߲ 
2920, ǥ  
2921,ʵΰ ƴ϶  ⼭ Ű..
2922, ̰ Դ ũФ ʹ ߻
2923, ¥  ظ 
2924, 񾲸 Ŀ ...
2925,˼ѵ??Ӹ???? ǰ ??  ֳ? ?? ڱ Ӹī???? и鼭 ????ǰ ٴ° ??  ȵʳ????? ˼ѵ??Ӹ???? ǰ ??  ֳ? ?? ڱ Ӹī???? и鼭 ????ǰ ٴ° ??  ȵʳ????? ˼ѵ??Ӹ???? ǰ ??  ֳ? ?? ڱ Ӹī???? и鼭 ????ǰ ٴ° ??  ȵʳ????
2926,߿  ִ  ٸ ȭ Ѿ
2927,ʵ ִ å ġ
2928,"[, ߵ58 Ⱑ ̴  մϴ]"
2929,ʵζ  ѹư鼭 Ĵٺ°  ⿩ 
2930,Ҽ ôµ ճ
2931,ƴ ٵ Ż  ͵ 䰳ġ ()  ִٴϱ???
2932,ȳ   
2933, ǥ 10   ģ  ǥ̳
2934,~
2935,":  , "
2936,ó Ű  ...մ Ҽ  غ...
2937,¥  ¼ȯ 𸣱ε 
2938,и  赶ڶ Ϸ ߴ '' δ
2939,ȭ  
2940,ŸƮ Ż  ʵ ε Ű 
2941,Ƥ ʵ ...ڶ󳪶 ӸӸ
2942, ¥ ʵ  ״δ
2943,  °  Ϳ 
2944,Ӹ  ˾Ҵµ  ǹֽŸ...
2945,....  ñ!!!  !!!!!
2946,Ź     ° 赶ڴ   峪..? ̷ ȵǴµ
2947,  ġ ϴ°  Ĥ
2948, 츮  16ָ  Ф
2949,  ι߰ 帳 ׸սô Ż ڳ
2950,ƴ    ۾ ϴ° ̳ Ϳ
2951,ƴ ϴϱ ٷ Į  
2952,  ʵΰ ִ  ǥ   ġ  ʹ Ϳ
2953, ϾϾϾϾ
2954, 赶ڶ  ƺ° ↶
2955,???:(ְ Į 鼭)̾ ȭ  
2956, Ȳ Ϳ?
2957,ƴ  ǥ ģ Ɔr   ϰ ̰  
2958,ƹư ģϴٴ ( 
2959,赶 ״ ϰ  Ѵٸ鼭 Ѳ  ˳     פ  ݾ  Ϸ ׷ ھ 
2960,ٰ 踦 ô ̰ ޸ ̾ õ Ű ...
2961,(?)    =   
2962,    
2963,˰ ʵ å ̶ ġ(+ī)
2964,ϾϾϾϾ
2965, ص Ż ȳ±....
2966,Ӹ  ѹ̶  ִ
2967,ģ ¥ 
2968, ھ..
2969,    ٰ ٷ Į ̆
2970, å... ǥ  ġ 츮 ȸ  ֳ䰳ġ:ô̿! ȸڸ ұ
2971,"۰... ؼ   Ű 2... ̳...? .. 6,,,۰  Ű ð  ּ䢽"
2972,ņ
2973,ٵ ȭ ? 
2974,   112   µ 赶ڰ   ȭ
2975,"""  ȸ  ݰ̾""ڰ  Ǵٸ   ""׸ ̼    ""Ϳ  "
2976,"Ż  , , ȣ, , , , , "
2977,ƿԱ ½
2978,ʵ   ״γ׿䤾
2979,:濵 ȭ ָ 뼭Ѵ 3 2 1
2980,ʵο ٸ ڴ 'ι' ־  ɾ  
2981,ƴ ʵ аִå  ־
2982, ʳ ŻȿðŰ ϴ¼  °ž...
2983,ʵ  Ȯ߳...  赶   ¾䤷
2984,ʴ   ƼŸ ־...beautiful ϴϱ....
2985, Ʈ ΰ  ִ  ???
2986,  Ż  ȸص Żΰ? ;
2987,"  """"ѵ߱"
2988,ʵ   ĳͶ ̴ٸ
2989,...
2990, ʵΰ дå  ̰
2991,̷ 濵̴  2ְ ȭǿ  ߴٰ Ѵ
2992,", "
2993,  °   ϴ  ƴ  μ .
2994,ʵ а ִ å ǥ  ...?    ̾
2995,Ѽx٤
2996,Ѵ 
2997,"[, ' '   ̴ ׳ ڰ ϸ  Ű ϴ.]"
2998, Ǹ̳ ¥ 
2999,ʵΰ  ִå ִ°  Ƴ..?? 
3000,ôϰ Į°  
3001,  5.5 þ
3002, ʵ  ̶ ں鼭   ΰ ȹϳ 
3003,ʵ  Ѵ ..
3004,ǵǵ ~
3005,赶 ظ ȳ  ϸ鼭 δ ó ȸڶ󈠤
3006,???:    ݾ
3007,־ ӸФФФФФФ̤Ф
3008, ϰ ؼ Ƴ.... ׎....
3009, ٸ Ҵ õ? ?
3010,å 
3011,濵   ȭ ƾߵǳ;;
3012,", ״"
3013, ġ  Ϳ
3014, 縦   ᤻ ݾ ׳ɤ
3015,   ⿱ ̤
3016, ģ     ˸鼭  Ϻη ؼ  ް Ϸ   赶 
3017, ȭ    Į Ͽ̳İ 濵 ȭ  
3018,"        .           ?        ?       .          .  . ..                    ?                     .             ??                Ʈ ʵΰ ƴϿϴ. .            ?..,                     .  .               "
3019,???   ȭ ѹ ݾ
3020, ֵѸ     Ű ~ ޴~
3021,ΰ ̶  ٷ .
3022, ϰ  ضФ 󿡼  ߻
3023,"[ȭ,  縦  ᰡ ̾߱⸦ մϴ.]"
3024,ġ
3025,ھ߹ݰ...   ݰִ±
3026,Ż õ  
3027,ʵδ 'ι'  ɾִ ˾Ҵµ  Ͼ?
3028,[ Ű簡 ȭ  մϴ
3029, ̷ ϱ ̶  Ű ̳ Ϳ٤
3030,     ظפ
3031,ʵδ  Ƶ Ż ġ  ߱.̰   ִ° Ż ε  ģٴ  Դϴ.
3032,̸⸦   ̸  ?..
3033, ǥ ġ ̳  
3034,帳 ľ   ĪҼ 𸣰
3035,׷  Ϸ ߴǵ.....?????
3036,  ȹȹ ư°ź Ϳ̤
3037,Ӹ Ǻ : ʵ?ʵ : õ뼺:  
3038, ƴ  Ȥ ڱ   ȭ ųİ 
3039, ´  ΰ
3040, Ⱑ  °?
3041,  
3042,ȳ..ȳ..ȳ..ȳ..ȳ..ȳ..ȳ..ȳ..ȳ..ȳ..ȳ..ȳ..ȳ..ȳ..ȳ..ȳ..ȳ..ȳ..ȳ..ȳ..
3043,赶ڿ  ߻   ÿ ϱ  ȣ ϴ±
3044,̸  Ϳ ׾ФФ
3045,Ż  ʴ 鼭 ѹ̶  ֳ
3046,"[, Ŭʰ ֵ̹ ڽ   Ű  ٰ մϴ]"
3047,̰  ˴  
3048,赶 Ĵٺ ʵζ  Ĵٺ    ȰV
3049,   ִ° Ӥ
3050,.... 󱼺ó  ¥  ϴ
3051,ó ʵ å ǥ;; ġ  ִ 
3052,ƴ  Ӹ ߿   Ź Ʈ  ΰ ʹ  ¥ 
3053, ʵ  ִ å   ġ ͤ  ű ־
3054,ʵ    
3055,ʵ  ħ ڵ  ϰ Ż  ϰ   ?
3056,  ȭ٤
3057," û ŭϰ ""ȳ ?"" φ"
3058, ǥ  ͿĤ
3059,   Ӵ~ФФФ
3060,å ġ ̰ ־  ..
3061, ǳ̶  ٸݾ   ȸڳ ݰﶧ ִ 
3062,9.88 10 ִϱ 9.87 ФФ Ӵ
3063,ʵ ǥ ġ  ݾƤ赶ڰ  ´ٴ ̳Ĥ
3064, ȭ  
3065, 縦  .....Ϳ
3066, 󱼵  赶 յ   Ⱑ  ̴
3067,'縦  Դϴ' Ҷ   ֳİ
3068, ޹ϳ
3069,赶ڿ  4  ִٸ  Ϻ ...  ¥ ¯̴
3070, ȭ̴ ̰ Ф ݰ Ф
3071,5    ...    ϰ ĸ  ̱ ؾ 
3072,ú ڡ ֽ ϴ
3073,
3074,̾ ȭ  ׾  
3075,  ǥ 4 ġٴ 
3076,"߾,    ܳ...."
3077, ʵ Ѱź  ־δ
3078,    
3079,"  赶, ̶ ô  !"
3080,   󱼿  ... 
3081,???:  
3082, 赶  ɹ̺ 
3083, 縦   ᤻ ƴ   Ÿ̸ ׳  ƴϳİť̤̤Ф̤
3084,濵 2 ƾϳ ФФ ڴ
3085,ڤ  ŭ
3086, Ͳٿ Ѵ
3087,־  ? !!!!!
3088,  ָ ٰ͵ ׿....  ǥ Ϳ..... ٷ Į    ... ʶ ...
3089,ʵ  ׷ Ӹ ƺ ׳ װͼ
3090,ʵ ¥   
3091,  ׷  ʹ..
3092,  ׷°͵ ߻  ̷ٰ    ɵ ...Ͻϴ..
3093, å   Ĥ ġ 
3094,ƴ ٴٳ  ġ ̰ ȸ  ݾƟD
3095,     
3096, 츮 ̴ ׻̿  ־פ??
3097, ΰµ  ߻µ  ...
3098,  ôߴٰ Į°ź
3099, ʹѰ ƴϳ
3100,쾾   ϱ   .... .... ߻ ......
3101,ʵ  ļ 潺ϵ ڱ Ӹ Ŵ...?
3102,  ġڴ  Ҽ ϳ Ⱥ θ  ϰ Ű   ε ¥  Ű   ġ մϴ   ھ ȳ  󈠤 Ɲڤ ƻa
3103, ¥  󱼶  ¥.
3104, 縦   ᤻  
3105,· ϴ³  ӸǶ
3106,̰  ˴  
3107,ظ 赶 
3108, ׿߿ 濵  ƴ ° ... ...
3109, Ф ¥   ʹ ູϴ...
3110,׻ Ҽ Ϸθ þµ ̷  
3111, ߻ 
3112,ʵ ¥   ״δ
3113,̰  ˴  
3114,̴  Ҽ  ϴ ƽôº???
3115, :  ھ  װ ϰᰡڵ : ? ̰ ƴѵ?ݱ    ּż մϴ.
3116,..14ȭ ٽ ̰ Ծ.. 󸶳 ;µ 
3117, 
3118,ʵξ....ŵ Ż𱸳....
3119, ϳ״ ¥ ʹ޴
3120, 縦         ġڴ
3121,... θ ȵǰڴ.. ڿ  ٸݴ 
3122,¥    ῱ ¥ ῱٤Ф
3123,ù   ߻٤ФФФ
3124,"  ,!   ¦"
3125,ٵ ¥ ۰  Ӹ  µ ʵ   ״ ׷ֽ
3126,Ŀ.. Ͼÿ..
3127,  ̵ 
3128,å  ° ʹ Ϳ٤
3129,ú  ־ִ ̴
3130,  󸶳 ߻  ذ ־.
3131, 縦 ''  ᤻  
3132,ģʹ
3133,㹫ϴ
3134,J
3135, 濵 ڰ ַϱ ٸ ° ʹ Ŀ..
3136, ˼ θϴ ڶ󳪶 ӸӸ~~
3137,ݱ  ο    ѵ    ϰ
3138,  ߻  
3139, ȳ ־? ƺ̳?
3140,  ߻ մϴ...
3141,ڴ Ƶ Ż  
3142,  ʹ ŭρ줻
3143,̰  ˴  
3144,տ г ӸӸ ʵ.
3145,Ʊ ģ ģ 鼭  縦  ᷡ 
3146,縦 Ѥ ̭kb
3147, ʵ Ż𿴾
3148, Į ʵ Ϸ žƴϳ
3149,....... ....... 5.55 ҽϴ..... ..............Ѥ......10 .....  ϴ  ư õ  
3150,"""縦  Դϴ""ФФФ"
3151,̾  ߻ 
3152,øʵΰ  ִ  ǥJ
3153,12  1000   °Ű?
3154, K Դ 
3155,׷Ժ  ģ^^
3156,  ̳׿뤻
3157, ߴ..;
3158,⵵ ȭ Ʊ
3159, ʹ ߻  ʹ  ȳ   ´   ̳?r.........
3160,  
3161, ̳ 赶 ΰ ܹڿ ˾è 
3162,ʵ    ̹ ǿ   
3163,߻ տ  ߻...
3164,"""ȳ, ."" Ҷ ǥ N׷!!  츮  ŷ!!ɱ۽Ԥ"
3165,     ..   ϱ ʹ ..? ..  ڿ ̰   ġڰ ϴ° ;µ ̰ Ϲ ϳ׿ ˼մϴ
3166,  Ű ڱ⸻  ˺ ״ 
3167,Ż  7 Ĥ
3168,ƴ ʵ д  ǥ ڼ      ġ ¥ İ  ̷  ʹ ƿ ۰
3169,   ʹ Ϳ ¥   Ƥ
3170,ձ
3171,  ġ ̆ 
3172,ڰ ̷ ϴϱ ʹ ꤾ
3173,̷ ôϴ .. ̰ ̰  ˴  
3174, ڱ ҷ淡 ٲپ˾ҳ    ¥ ϰ 
3175,ʵ Ӹ  ӸӸ Դϴ
3176,      ()(վƸ) ص    ?
3177,!   ! ?  !!!
3178, ..
3179,!  ܸ.......
3180,  
3181,    ƴѵ..    Ǿ ΰ ڸ  ִ°ǰ
3182, 赶- 
3183,2޸ ̸  ȭ Դϴ
3184,Ե ʵ 䤻 ġ  ־ 
3185,赶 λ ִ Ǽ
3186, ʵ 簡 ں  ũݾ?
3187,׷ 
3188,  ....  ٰ ְ  õ ⵿    پѴ ܸ....
3189,  ¥  °
3190,  ӶϷ ?
3191,    ߻
3192,̴       ׷ ϱ .. ٵ ھ  н ȸڶ   ȸڰ   2̳  ǥ µ ׷ ...
3193,ȳ  λ翡 Ȳ    ∪  ʵζ    
3194, 5.5ٰ İ 9 Ĺݴ ;; ʹݿ  ׷ֳ
3195,  ̸ .....???
3196,  ߻   ٽ  ߴٵƿԱ ½!
3197,  󸶳 ߻  ذ ־.
3198,ȳ ?   ظ
3199,̸ ̸ ?
3200, ʾ   װ
3201,  Ѵ ¥ 
3202,ٵ  鼭 ñߴǵ  ҵ ڸ ¡ ׸  ׷ ¡   ̰   ߿ ¡ ؼ  ... ƴϰ  ġ ٴϳ
3203, ׹  10 ƴѰǵ?
3204,  ....  ߻?
3205,   ûù ̫׿
3206, ˵  ΰ? ĺ ΰ?
3207,ޤ 츮    ڴٶ°  ̳פ~~
3208, ʵΰ а ִ  ġӤ
3209,ƴ 縦  Դϴ   翴???
3210,ʵ..  װ Ӹī Ŷ  ߾..
3211,ʵ  Ӹ   ..
3212, ģ  ǥ  Ѵٴ° ڰ 
3213,     ¾ ߤ
3214,ʵΰ ִ å  ġ 
3215,縦   ° 赵 ߴ ü  ȭ̳
3216, 縦 >< 
3217,ǰǰǰ ߹̪ڤФǻФ Ѥ ģ ¹¥ФФФФ
3218,̷ ôϴ .. ̰  ˴  
3219,ʵξ̤åд°  
3220, ǳ ٳ ٰ 濵  ƴ ϴ°  
3221, ; Фа ٤ФФ
3222,׷ ڰ ó  
3223, 縦   ᤻
3224, Ȳϴ° Ϳ ÷ λ  
3225,ʵ...  ӸӸ
3226,ó 濵  ȭǿ ֶ ȭ  ϴ  ƴ
3227,    ĥ߳פ
3228,¥  
3229,  ǥ Ԇ
3230,  ¥ ִ
3231,   ȭ...
3232,ƴ  ʹ ߻ ƴϾ????  ̴ ̴
3233,׷ 7    
3234, ĥ °ų ̴ ̰;
3235,  󱼺   ¥ϰ 
3236,
3237,ƾ ʵ  Ӹ  ġ ۳⿡ ô  ±....
3238,̳ ɰ ߿ ʵξ » ǥJ ΰ ° ƴ϶   ִµD
3239,Ĥ  ȳ ~ ϴ°Ŕj 츮  ϴ  ھ
3240,ʵ å  7 Ż  ? Ф
3241,  ڸ Į°ź 
3242,   ¥?
3243, 縦   Դϴ...
3244, ٵ ʵ  å (   )   ؿ Űΰ...?  ۰  ΰ...?
3245,  󸶳 ߻  ذ ־.
3246,ڶ󳪶 ӸӸ
3247,縦Τ ±
3248, ǥ Ҽ鼭   ظ 
3249,ʵ ӸӸ̾ߤ̤̤
3250,̿߿  ιٶ⤻ ȭ!̷ֳ
3251,ʵ  Ӹ  ?  ˼ ģ
3252, ;;
3253,ġ̷
3254,ʵ 48 Ż ҽ....
3255,ʵξå Ȥ Ż  7?
3256, 鰥 ߻
3257,׷ ̷ 츮  ΰ °Ť
3258, ¥ 縦   
3259,ʵΰ   ī  ⤻
3260,׾  ϳ
3261,ȳ   
3262,ڴ ¥ ̴  ٸ  ηϴ    ģ  θ ϳ 
3263,   OOO??  ε.....
3264, 󱼿 ô Դϴ
3265,".,Ͳ......"
3266,߱...׳  
3267,ȭǿ  ˳ غǾ ְ?
3268,ڶ µ  ʿϴ..
3269,ƴ    赶   ׷     ˾Ҵ ְ Ƶƿ°  Ȳ  
3270,츮  ʹ ߻ٴ ظԾ ̤ФФФ̤Ф̤
3271,̶... 縦 Բ ᰡ   
3272,( ̶¶)
3273,ʵ Ѱͺ ߳Գ
3274,  ¥  ߻
3275,ƴϤ     ʵΰ д ǥ  ?      ġ  ͵ 䵥  ̳ ̰  ִ°ųİ       
3276,ȳ  ־? ƺ̳?ФФФФйġڴ ̰  ϤФФ ¦    Ϳ þӰ
3277,۰  -- Ͻó 
3278,ʵ  Ӹ...
3279,   ģô ϴϱ    Ȳϳפ
3280,ƾ...ʵξ Ӹ ..
3281,ʵΰ ִ    ǥ ̳ ִ°  ƴφr
3282,  󸶳 ߻  ذ ־.
3283,̰ ̰  ˴ 
3284,濵̴ ׷ 2ֵ ȭ  ǰ....
3285,  ̾....
3286, 赶   
3287, ̳ Ȳ߳
3288, Ͽ  
3289,ʵå Ż   
3290,ʵ   ߰ڴ.. ϱ  ¾ 
3291,  ߻ Ƥ
3292,ƴ ȭ ..
3293,ġ ɷִ°   ƴϰ 
3294, ʵΰ ׳ Ҷ  ˾Ҵµ ʵ   Ʋغ̴°ž...
3295,  ó  ߸
3296,Ƥʵΰ  ǥ ġ  İФ
3297,赶 ̳ ŭϳפ
3298,! ! ! ! !!!! 
3299,  20ȭ ̴ ¥ ݰ ʾ   Ű 
3300,ȭ
3301,ģ..   ̾ ģ ƴϴ ģģ ̸񱸺 ̳ Ƿ 
3302, Ҹ ...
3303,ʵ å   ִ ǉV
3304, 
3305, ̳
3306, 
3307, ϴϱ ٷ Į 
3308,"..¥   ö Ѻ?.,,"
3309,ġڳפ ° ̷    ׷
3310, ׷ ϰ ϴ   10ο
3311,  Ϸ ߿ 濵 ȣϴ° ʹ   
3312,̷ Ű  
3313, ôϴ° 
3314, ϳ;;;;
3315,          '   ' Ϸ ϴµ ű⼭ ڱ  ϰ ȭ ⳪   忡 ĥ   3ȸ ȸϸ鼭 ݵ  ٵ 
3316,     ̸ ٸ ־ٿ
3317,̰ ̰  ˴ 
3318,ƾƾƾƤƤ ƾƾƤƾƤ
3319, »  !!!!!!!
3320,ƈ  ڱ⸦  Լӿ ĳ  ʹ ظ ȳ ƶ 
3321,ʵ Ӹ   ̱...
3322,ٰ ֵ     
3323,ʵ ü °?
3324,赶ڴ ڽ  ̷  Ҵ
3325, ° ʹ ̻ڴ
3326,ʵ  а ִ°ž ģ
3327,"""ȳ, ""ƴٰھ ִ٤"
3328,Ա Ÿ!
3329,  󸶳 ߻  ذ ־.
3330, Ե ׿  Ųٴ° ̾ Ī̾
3331,ظ ȳ  
3332, 츮 濵 ȭǰʹݾ ȭǺ 
3333,???:  .
3334,ظ ȳ  ϴ°  
3335,  ??Ƴ
3336,ʵΰ а ִ å   ־  ġ  
3337,θӸ Ӹ ǵǵ 
3338,7.88  9.88 Ȯ   
3339,ʵΰ аִ å Ż  7  ִµ
3340,  縦  
3341,̰ ̰  ˴ 
3342,  ʵΰ ִ ġ ʹ üŻ̿ ۰;;;;;
3343, ó ȸڳ ̷ ݰ ̾ 
3344,մµ  ̷?
3345, ¥   ſää
3346,赶   
3347,!! ߻!!! !! ߻!!! !! ߻!!! !! ߻!!! !! ߻!!! !! ߻!!! !! ߻!!! 
3348, 縦      
3349,ô ȸڷ   赶 ĳ ʹ 
3350, ¥ ʵ д      ġ ¥ ̰  
3351, ù 
3352,  
3353,縦     ʹڤ 縦   ð 100ȭϷ Ŷ 줻
3354, ظ ȳ  ߤ 
3355,ʵ Ҽ µ Ӹ....
3356,ʵ Ҽδ   µ  ϱ Ż ФФ̤
3357,ģ
3358, ֱ׷  5.5
3359,  Ѹ ߻ ʵε ߻ ˾Ҿ...
3360, 縦  ϱ  Ư   ^^
3361, õ ߻ע
3362,  󸶳 ߻  ذ ־.
3363,ʵ  ¦̳
3364,  
3365,7.88  9.0  Ȯ   
3366,  ǥ ʹ Ϳ
3367,ʳ ȥض.()
3368,  5.5󸶸 ôµ  10ִϱ 9.5 ƾ
3369,  ڱ  Լӿ   ظ °͵ 䵥װ     ϴ ǥ ٤
3370, ʹƼ ̸  ħ ̤Ф̤ФФФ
3371,縦         
3372, ̴   ϴ ͵ ̴   
3373, ¥ ߻ ȭ ȥ Ƴ  
3374, ɹ ʹ פ   ¥
3375," ... ׷     ϰڽϴ   ȭ   Ƽ dϱ ,    ڽϴ   !"
3376,16ȭ ٽ 夻
3377,  󸶳 ߻  ذ ־.
3378,ָ ٰ .... ָ   ....
3379,Ȳ ...  Ϳ
3380,ճ
3381,ʵ ̷ 屸.. Ĺݺ ־ĳ 
3382,ʵδ ߴ ״γ 
3383, ʵ  Ӹ  ó...Ф
3384, ȭ?
3385,  赶 Ѵ
3386, :  縦 ''  Դϴ.??? :  Ѱ ƴ϶? ƼŰŸī Ƴİ
3387, ¥ Ͳ
3388,
3389,츮  ФФФФФ
3390, ظ ȳ Ƥ
3391, 
3392,׳ ۿ ȳ
3393, Ż  ϰ  ƴϳ
3394,ó ȸڷ 
3395, 縦   a ƴ ٵ ¥  ù  Ʈ  ׷ ׷ ϱ⵵
3396,縦    ׷ 縦 ص  
3397,̰ ̰  ƴ 
3398, 󱼳ʹ  Ϳ 
3399,赶 ȭϰ 鼭  θ° ʹ  Ȳ̳ĵھ
3400, ִ  ٸ ȭ Űܰ  ¿ ۰
3401, ̶̶ 󰡴° ʹ Ϳ...̤
3402, ¥  ʹ Ϳ ƴϳ
3403,Ӹ ̶ Ӹ  7 а ô 
3404, Ϳ!>w<
3405,¾ ȭ  츮 濵 ȭ 
3406, ''̴ ̤̤  ʹ ߻ ̤Ф̤
3407,10ִϱ5 ö
3408,赶 ĳ    
3409,赶 ϴٴϱ
3410,ƈ ʵΰ   ǥ   ġߤ  ۰ 
3411,å  Ż  7 ..?
3412,츮 ̰  ϳѰ ȱ   ̤ Ф    
3413,  󸶳 ߻  ذ ־.
3414,縦 ѤΤ
3415,ʵ ߴ ״γ
3416,ʵ аִ å   䤻
3417,"ȳ,."
3418,...  ƴ...
3419, ֵ  
3420,!!!޷!!!
3421, ° Ϳ 
3422,   ?
3423,     ư ġ Ϻ
3424, ʾ    տ Ƿ翧 ƴ   ׷ִ 4 մϴ
3425,...   
3426, 縦  ᤻
3427,ʵ 
3428,赶 ʵ ϵ ġȺ  Ѿ鼭   ϴ° ʹ  뤻 
3429, ̸  ̾.... 굶  ̾....
3430, ʹ մ. Ű Ʊ ʴ
3431,ʵ... Ӹ...
3432,   ϳ
3433,ϴ°Ű
3434,    ̼Ұ 
3435,ڤ ¥ ڴ ̴  ٸ       θ θ  ¥ 
3436,縦    
3437, ʵ ִå ġ 
3438,........ 11ú  ϸ鼭 ٷȴ......... 8  ...
3439, ǥ
3440, ڴ ̸ Ⱦa
3441,̸ ڸ  ż  پ... ̷  ΰ...?
3442,ڶ󳪶ӸӸ
3443,"¥  ƴ,,,,  ̾ȳ"
3444,"ģģ ȭ ½  󱼿  .,(Ф"
3445,ƴ ʵΰ а ִ  ǥ  ̶ ġ ƴϳıD    ʹ ݝڤ
3446, ʵ ¦¦  
3447,   öź 赶
3448,ʵΰ ӸӸӸī Ӹ() (0)
3449,ƴ    ̾ 굶  ̾ 
3450,ģ  
3451, -...    Դ ø 󸶳 ٷǴ
3452,   ̴
3453,   ° ̷ ФФ
3454,ʵ ִ  ġ  ϰ վ
3455, 縦 ѵᷡ
3456,ŻŻ  
3457,Ͼ...  Ͳ.....
3458,Ƥ־ƾ־Ǿ~!~!~!~!~!~!!~!~!~ ~!~!~!~!!~!~!!!!!
3459, ģ ̰ Ծ ϴ մϴ 
3460, ڸ عȽϴ..
3461,߻
3462,ʵξ  ׿
3463,츮 ʵξ... Ӹ ̱...!
3464,ʵ Ż𿴇
3465,ƾƾƾƾƶ ̴!!!!!  ø̾!!!!!
3466,  ʵ   Ӹ ???
3467, ʵ  ӸӸ??!?!?!?
3468,赫ϰ ; 
3469,̹ ˿   ʱ ⵵մϴ...
3470,...    4 ǳ پ...
3471,Ƶ   Ծ  Ե
3472, 赶  
3473,
3474,ʵ  
3475,ʵ  Ѱó Ȼ褻  ݵݵҰ ҾҴµ
3476, Դ Ƥ ٷȾ  ФФФФƲϸ鼭 ֽϴ 
3477, ʵ ¥ Ҽ γ  Ӹ  質 ߳ 
3478,Ƥ̤̤ФФ 
3479,ƴ ۰ ȭ ǰ ø  ϼ..
3480,ƴ ʵξ ִ  ǥ V ġ  ݝڤ
3481,٤Ф
3482, Į!
3483, ʹ ƤФ
3484, 
3485, ũ
3486,Ͼ ܿ ٷȴ
3487,Դ
3488,ļ
3489,4
3490,..
3491,3
3492,
3493,3
3494,¹ 
3495,
3496,1
3497,
3498,1
3499,
3500,1
3501,
3502,1
3503,
3504,1
3505,
3506,1
3507,
3508,1
