comment,label
도깨비 얼굴이 ㅎㄷㄷ,어두운
어 저 잼민인데 너무 재미있어요 ,기다려지는
와 존나 재밌는데 ㄹㅇ,기다려지는
나만 도깨비 첫인상 귀엽다고 생각함 ,그림체가 귀여운
와 ㅁㅊ ,소름돋는
이 웹툰 의 모든 컷이 떡밥이라면 여러번 믿으시겟습니까 그런데 진짜 모든 컷 모든 장면이 떡밥입니다 여러분 ㅋㅋ,소름돋는
헐 대박 재밌다,기다려지는
헐 무시하고 봤는데 확실히   걸어야 되네 ㄷ 아ㅠ 진짜 도깨비 너무 무섭다ㄷ,어두운
지난회에서 비형은 내 상상보다 귀엽다 생각했고 한명오가 내 상상보다 훨씬 더 멋있다고 생각했다 근데 이번화에선 이현성과 이지혜가 내 상상에서 튀어나온줄 ㅠㅠㅠㅠㅠㅠ,그림체가 귀여운
이거 신들의 무궁화꽃이 피었습니다랑 죽는게 같은데,어두운
재밌다 유명해서 소설 보려고 했는데 글은 안좋아해서 걍 버티다가 웹툰나온거 봤는데 개재밌네,기다려지는
 년 동안 읽은 천회가 넘는 웹소설의 초반부를 저렇게 자세히 기억하고 있는게 제일 놀랍다 ㅋㅋㅋ,소름돋는
유상아 나중에 ㅈㄴ쌔지고 힐러 역할 맡는데 자기 목숨 희생해서 주인공 살리는 장면 빨리 보고싶다 ㅠㅠ,먼치킨인
도깨비 빨간 눈 겁나무서웠음,어두운
인물 상상 그대로에요 ,그림체가 디테일한
이지혜 장면 만화로 보니까 완전 대박이다  소름 굉장히 돋네ㅠㅠㅠ 넘 맘아프다,그림체가 디테일한
비유도 빨리나왔으면 좋겠다ㅎ,기다려지는
독자 나중에 성좌됨,먼치킨인
ㅓㅜ  무서워  그래서 더재밌어,어두운
이 재밌는걸 왜 이제야안거지 ,기다려지는
이 나라 사람들은 게임을 잘한다라면서 은근슬쩍 도깨비가 우리나라 게임 실력을 칭찬함ㅋㅋㅋ,게임물
생존자 얘기할 때 개 소름,소름돋는
그 일본영화중에 달마  걔가 사람 움직이면 터트려버리는 그 장면 같음 ,게임물
소설보고 보니까 더 재밌네 ㅋㅋ,기다려지는
앞에화에서 도깨비 귀엽다고 쓴 사람인데  이번 화 도깨비 보고 놀람,그림체가 귀여운
군인아저씨 너무 잘생겼다,잘생긴
으어어 도깨비 무셔 ,어두운
신이 말하는 대로 한국판인가 ,게임물
나 소설 안본 독자인데 저 실루엣 내 웹툰 짬밥으로 보니  잘생겼다   알 수 있어   쟤 잘생겼어   ,잘생긴
진짜 개재밌다,기다려지는
진짜 소설읽기 귀찮아서 항상 봐야지 봐야지만 반복해왔었는데 웹툰으로 보니 엄청난 것이었잖아  작가님 저 웹툰도 보고 소설도 볼거예요  헿ㅎ 그리고 우리 지역엔 지하철이 없어서 다행이다  ,기다려지는
다시보고싶었던성좌가  코인을 후원했습니다 ,기다려지는
저 도깨비 귀엽네 했는데 개소름낌 표정 ,그림체가 귀여운
 년 전에 읽은 내용을 어떻게 다 기억하지,소름돋는
돌아버리겠네 세상에,
작가님 저 무서워요 ㅠㅠㅠㅠ,어두운
몰입감 ㅁ쳤는데  와,기다려지는
와 소름 돋았어요  진짜 온몸에 소름이 쫙,소름돋는
카페 향이 많이나네 모든 인물 잘생기게 그리는 그곳,잘생긴
와 몰입도 장난아니다 이 웹툰 ㄷ,기다려지는
신이 말하는데로 랑비슷하네 ,게임물
이거 약간 영화  신이 말하는대로 느낌 나는데 ,게임물
뉴비는 ㄹㅇ 독자적시점으로 봐야되는거거든요 저도 뉴비입니다 ㅎㅎ,게임물
그림작가님 진짜 뭐야 전독시 엄청 재밌게 보셨나 생각했던 그대로의 작품이라 놀라는 중 ,그림체가 디테일한
김독자 너무 잘생김 ,잘생긴
가볍게 봤는데 생각보다 잔인 ,어두운
이거 완전 신이 말하는 대로 잖아 ,게임물
신이 말하는대로 같다,게임물
난 이거  편까지보고 문피아가서  일만에  편 다봄 진심  후회안함 달빛조각사 저리가라고  몰입도  진심 최강 제 친구한테 아이디 빌려줘서 읽어보라고 강추했죠 다만  대여가 아니라  구입을 할걸 그랬음 개후회함  ㅅㅂ  ㅠㅜ,기다려지는
오 신이말하는대로 아는 사람이 있네 ,게임물
근데 이거 신이말하는대로 인가  그거랑 학교 씬이 너무 비슷해서 약간 소름 돋네 ㅋㅋ,게임물
헉  보다가 왠지 신이 말하는 대로 생각났어 웹툰 넘 오져서 소설도 보러가고 싶어짐,게임물
ㅋㅋㅋ도깨비도 코리아가 겜잘하고 겜에 미친거아누,게임물
와 몰입감 장난아니다,기다려지는
와 이거 개지리네,기다려지는
우와 그림 진짜 잘 그리네요 ,그림체가 디테일한
입이 어우 근질 입질이 너무 지혜 표정이 너무 공허해서 가슴이 먹먹해지네,어두운
재밌네ㅋㅋ소설한번도 본적없는데  저 군인 나오는 시점부터 주인공이 알고있는 멸살법 내용이랑 묘하게 어긋나는게 흥미진진,소름돋는
지금까진 신이 말하는대로랑 똑같네,게임물
처음엔 좀 충격이죠  저도 심장 쫄깃쫄깃했어요  앞으로 기대만발 ,기다려지는
존나 재밌는데 이거 왜 안보고 있었냐 나란 새끼,기다려지는
신이 말하는대로 같네,게임물
이 나라 사람들은 게임에 능하다는걸 보고 뿌듯,게임물
머리 터지는거 너무 잔인해요 ㅠㅠㅠㅠㅠㅠ,어두운
요즘 판타지물 네이버에 많이 올라오네진짜 좋아 히힣힣,판타지물
시 바 이거 왜 내가 사는 세계에는 없는거 거의  년 동안 연재 하던 작품을 한 독자가 전부 정주행하고 내용까지 알고 있으면 되게 흥분될것 같은데 개 재밌다,기다려지는
아 ㄹㅇ 신이말하는대로 재밌게 봤는데 좋다 되게,게임물
헐 전화 보고 신이 말하는대로 댓글 달고 왔는데 저처럼 생각하시는 분들이 많았군요ㅋㅋㅋㅋㅋ,게임물
신이 말하는대로 느낌나네,게임물
뭔가 신이 말하는 대로 같아,게임물
전독시 네이버  대장에 오를수 있을만큼 스토리 뛰어나고 그림체도 좋다 신의탑이랑 동급 웹툰될듯 ,그림체가 디테일한
중간에 도깨비  부분 작화 진짜 놀랍다  이빨 묘사보고 충격먹음 주  회 연재에서 이런 퀄리티라니  우리나라 만화계의 미래가 이렇게 밝다,그림체가 디테일한
이거 진짜 재밋네,기다려지는
우 아  소름돋아  무서워 ,소름돋는
와 진짜 표정 하나하나가 살아있다 대박,그림체가 디테일한
그 예전에 신이 말하는대로 였나 일본영화 생각나네,게임물
신님이 말하는대로,게임물
아 구원의 마왕 할때 진짜 기대된다 ㅠㅠㅠㅠ,판타지물
중혁아ㅠㅠ  독자남친 실루엣존멋 ㅠㅠ,잘생긴
약간 신이말하는대로 같은 ,게임물
현성 멋있다 ,잘생긴
흥미진진,기다려지는
이 소설 본 적은 없는데 인기 많은건 알고 있었는데  이렇게 무서운 내용이였어요 ,어두운
재밌다 ,기다려지는
재밋을것같은데 무서워서 제대로못보겟어 ,어두운
개꿀잼 색다른스토리 흥할거임 대작,기다려지는
와  가슴이 웅장해진다 ,기다려지는
아냐 괜찮아  살인데 겁나 재밌넹 ,기다려지는
이현성 진짜 소설에서의 느낌 그대로 잘 그려주셨다ㅠㅠㅠㅠㅠ,그림체가 디테일한
무섭다  ㅠㅠ,어두운
   카페에서 나혼렙을 그리고 인기 상승하고그 뒤로 많은 웹툰들이 전부 리다이스에서 그려지는 중가장 좋은점은 그림체가 개 쩔어서 모든 점에서 좋다 ,그림체가 디테일한
ㅋㅋㅋ 세 ㅋㅋ,먼치킨인
엄청 재밌게 본 웹소설이 이런 개쩌는 고퀄 그림체로 웹툰화 되면 진짜 좋을 거 같다ㅋㅋ,그림체가 디테일한
이거 진짜 재밌는데 이 속도로 완결까지 어케가냐,기다려지는
와 작화 쩐다  그리고 설정도 쩐다 유료서비스라면서 배틀로얄찍게하다니 너무하잖아,그림체가 디테일한
와  여기까지 왔는데 몰입감 최고라서  회본거같아요  진짜 존잼웹툰생겻다 ,기다려지는
군인잘생겼다,잘생긴
대박,기다려지는
김독자  너 왜케 잘생겼어,잘생긴
지금 소설 보고있습니다  재밌어서 미칠거같아요 ,기다려지는
이거 정말 재밌는데요,기다려지는
이야  잘 그렸다 ,그림체가 디테일한
근데ㅋㅋㅋ 독자가 생각보다 개 잘생겼는데 ,잘생긴
진짜 미친 이거 ㄹㅇ 전설임,기다려지는
이거 진짜 개꿀잼인게 결말 와 개오짐  스포 존잼 이거밖에 못말함,기다려지는
 어때요  재미있죠 ㅇ 꿀잼 후훗,기다려지는
소설 봤는데 재미있네,기다려지는
와  소설 안봤는데 진짜 재밌다 윰세 없어지고 수요일 볼거 없었는데,기다려지는
독자 너무 잘생기게 나왔어요  조금 못생기게나와도 갠찬을것 같아요,잘생긴
이거 신이 말하는 대로 랑 비슷한듯 ,게임물
이거 완결날려면 몇년있어야하냐  겁나빡셀건데 ,기다려지는
와 너무 좋아ㅠㅜㅠㅜ웹툰 뽑으신거 진짜 상상대로ㅠ 신규 독자분들도 계시는데 캐앓은 하지 말아주세요ㅠ민폐입니다 알고 있는걸 자랑할 기회가 여기밖에 없나요 ,기다려지는
잘생기면 다 오빠지만 독자는 아니다 내 새끼다 독자야ㅠㅠㅠㅠㅠㅠ사랑해,잘생긴
이거 이렇게 재밌어용   화나왔을때부터 네이버에서 홍보  트위터에서 엄청 인기엿던데,기다려지는
내일나온다  드디어,기다려지는
와  님 똑똑하다,똑똑한
독자 왤케 잘생김 ,잘생긴
작화 나혼렙 누낌난다 개좋다 작화진짜,그림체가 디테일한
진짜 이건 꼭 다 봐야돼 떡밥 회수 큰그림 지림,소름돋는
흔한 양산물판타지 이세계물인줄알았는데 재밌네ㄹㅇ ,판타지물
주안공 왤캐 잘생기게뽑혔냐,잘생긴
도깨비가 생각보다 귀여워서 미치겠다ㅠㅋㅋㅋㅋㅋㅋ어뜨케ㅠㅋㅋㅋㅋㅋ복슬복슬ㅠ,그림체가 귀여운
드디어 내일 나온다 ,기다려지는
와 이지혜 그림으로 보니까 더 소름돋는다 걍,그림체가 디테일한
헐 저 이지혜란 여자애 이쁘다 저 와꾸라면 무조건 주인공 파티에 들어가야 행,
소설 다시 읽을까 너무 기다리기 힘든데,기다려지는
신이말하는대로라 비슷한장르네 재밌네,게임물
요즘 나오는 신작들 그림체랑 진짜 비교된다,그림체가 디테일한
관심이있다면 소설을 한번본 후 웹툰을 다시보면 더욱 재미있으실거같아요 소설읽을때 머리로 생각하던거와 비슷하니 더욱 재미있네요,기다려지는
와 진짜 초반 몇화만 보고 이렇게 몰입되는건 오랜만이네,기다려지는
오우야 무섭다,어두운
지혜 멘탈터지는 소리 여기까지 들린다 ㅛㅜㅠ현성이랑 지혜 둘다 진짜 내 상상 그대로라 놀랐음 와 너무 좋아ㅠ,그림체가 디테일한
이야 역시 나혼업 그림팀 진짜 표현력이지리네 소설을 사람들이 생각한거랑 최대한 비슷하게 만들려고하는게 눈에띤다,그림체가 디테일한
다 다음편,기다려지는
이지혜 ㅅㅂㅅㅂ 온몸에 소름돋는다 매화매화,소름돋는
지혜 표정보고 소름 쫙돋았어요 표현 미쳤다작가님 사랑해요,그림체가 디테일한
와 작가님 못 생긴 거 못 그리죠 진짜 가슴이 웅장해집니다 ,잘생긴
댓으로 나오는 등장인물한테 반응하지말라는데 자기 최애가나오는데 어떻게 가만히 있음ㅋㅋㅋㅋ 소리지르고 울고싶은게 마음인데우리실루엣  많이 아끼고있었는데 어떻게 실루엣까지 잘생겼니 미칠것같아 ㅠㅠㅠ,잘생긴
이현성 개 멋있어,잘생긴
아직까진  신이 말하는대로 가 많이 떠오른다,게임물
미친 전독시 들은걸로는 남캐만 수두룩한 게이소설인줄 알았는데 지혜  지혜라고  언니 너무 잘생겼다 사랑해 미친,잘생긴
제가 이 말씀 드렸나요 사랑합니다 진빠 원작 읽을 때 이건 웹툰이나 영화 이런걸로 나왔으면 했는데 어떻게 어렇게 잘 그리고 멋있게 그려주신건지 ㅠㅠ 제가 정말 진심으로 사랑합니다 ㅠㅠㅠㅠ,그림체가 디테일한
다음 내용 궁금하면 시리즈에서 소설로 보시는걸 추천합니다,기다려지는
이 뒤에 어떻게 풀어내실까 되게 기대된다 ㅋㅋㅋ,기다려지는
진짜개잼있네 나같은 판타지소설 이해력 딸려서 못ㅂ 는 사람들은 만세를 외칩니다 크흐 따흙,판타지물
와 이제부터 화요일  시가 몇년동안 즐겁겠구나 행복하겠구나 미쳐서 환장할 노릇이구나 미쳐날뛸거같구나,기다려지는
오늘 내용 보면서 저도 모르게 팔에 소름이 쫙 돋았네요  특히 마지막부분이 진짜 무서움 증폭 되는 거 같아요 그거 딱 보고 정신 차리니까 팔에 소름 돋아있더라구요 허어 여튼 오늘도 재미있게 보고 갑니다  다음 화도 기대하고 있겠습니다 ,소름돋는
와 진짜 재밌다 소설도 진짜 재밌게 봤는데 웹툰으로 보니까 색다른 매력이 있네,
ㅜ   ㅠ 등장인물 전부 존잘 ,잘생긴
신이 말하는대로 생각난다 ,게임물
보면 나혼렙이랑은 완전히 다릅니다 충분히 보실만하다고 장담함,판타지물
진짜 재밌네 ㅋㅋㅋㅋㅋㅋㅋㅋㅋㅋ 이거 더 올라가겠다  위 노려볼만 한듯 그림체 내용 모든것이 조화롭다 첫화 부터 몰입 되기 힘든데 스토리 되게 괜찮네 참신하다,그림체가 디테일한
소설 구현 잘해놨네요 오ㅋㅋㅋㅋ,그림체가 디테일한
우와  몰입감 대박 ,기다려지는
ㅗㅜㅑ 존잼,기다려지는
진짜 모든 인물이 내가 소설 읽으면서 생각했던거랑 너무 똑같다 진짜ㅠㅠ 울거같음 지금,그림체가 디테일한
넘 넘 재미 있어요 앞으로 스토리가 기대 되네요,기다려지는
웹툰 내용 맨날 다 비슷비슷해서 잘안보는데 이건 진짜 재밌다 ㅋㅋ,기다려지는
원작 볼때 도깨비 엄청 잔혹하고 무섭게 생긴걸로 상상 했는데 너무 귀여워ㅋㅋㅋㅋ ,그림체가 귀여운
약간 신이말하는대로 삘나는 웹툰이네요,게임물
보면서 소름돋는다 하와아아ㅏ아ㅜㅠㅠ,소름돋는
악 최고야 악악악,기다려지는
재밌당 기대된당ㅎㅎ,기다려지는
이현성 생각하던 그대로 그려져서 놀랏어요 ㄷㄷ,그림체가 디테일한
이거  신이말 ㅎ는ㄷ로  비슷하구먼ㅠㅠ,게임물
대박 너무 잘그렷어 소설 상상한그대로고 대사도 그대로야,그림체가 디테일한
아 네이버가서 수학문제나 좀 아는척해라 찐새기들아 여기와서 아는거 나왔다고 난리치지말고,
와 미쳤다 명작하나 찾았다,기다려지는
크하 원작고증 지린다 진짜 상상한 그모습 그대로네 근데 독자형 소설에는 못생기게 묘사되어있는데 욀케 잘생김 ,잘생긴
이게 그랗게 재밌음 ㅋㅋㅋ 오늘부터 봐야겧네,기다려지는
진짜 존잼ㅠㅠㅠㅠ 여윽시 전독시는 최고지,기다려지는
와 소름돋는다 개오져,소름돋는
그림체가 넘넘 멋있당 내용도 근데 좀 무섭 ,그림체가 디테일한
와미친 소름돋음,소름돋는
와 진짜 재밋다 ㄷㄷ,기다려지는
ㅇㄴ 직쏘에 고사야 개소름돋어 ㅜㅠㅠㅠㅠ 잘 보고 갑니당,소름돋는
너모재밋고,기다려지는
이거보니까 영화 신이말하는대로의 달마인형 생각난다 ,게임물
그리고 음  저 실루엣은 그 녀석 인데 비율이 와우다,잘생긴
이거 진짜 개꿀잼 웹소살이니까요 한번씩 정주행 해보세연,기다려지는
그림작가 성좌라는말 인정  진짜 상상 그대로야 ㅠㅠㅠㅠ,그림체가 디테일한
이름을 말할 수 없는 미친 실루엣  댓글 진짜 공감된다 ,잘생긴
근데 벌써부터 전개 속도 알아먹겠씀  이 작품은 몰아서 봐야할 것 같은 느낌적인 느낌,기다려지는
지혜 잘생겼네,잘생긴
그림 작가님 너무 잘 만나서 행복합니다ㅜㅠㅠㅜㅜㅜ현성이 허버허버 왕가남 최고ㅜㅜ ,그림체가 디테일한
비형귀엽당,그림체가 귀여운
와 완전 재밌어 ,기다려지는
내가 이 웹툰 스포 안 당하려고 소설 이틀만에  화까지 달렸다  휴우  존잼이다  작화도 잘 어울리는듯 ㅎㅎ 근데 도깨비 이빨 넘 건치라서 당황스럽다  징그러워 ,그림체가 디테일한
헐 어떻게 이런 재미있는 웹툰이 이제야 나올 수가 있지 대박이야,기다려지는
우와 최곱니다,기다려지는
한국판 신이 말하는 대로 인가 ,게임물
오우 이지혜랑 이현성은 내가 생각했던 생김새랑 너무 비슷한데 ,그림체가 디테일한
재밌네요,기다려지는
아   아  너 너무 멋있다  어째 소설에서 상상하던 그 모습 그대로 나올수가 있어ㅜㅜㅜ 진짜 너무 치인다ㅜㅜㅜ,잘생긴
도깨비 귀여웠ㄴ느데   너보고 소름이 끼쳤다,그림체가 귀여운
이 그림작가님 전부터 봤는데 판타지웹툰 진짜 잘그리셔요 ㅜㅠ 표현천재심,그림체가 디테일한
영화 신이 말하는대로 같네요,게임물
무서워ㅠㅠ,어두운
아 근데 좀 무섭다  와우 ,어두운
일러스트 이쁘다,그림체가 디테일한
작화 미쳤습니까 휴먼 ,그림체가 디테일한
와 이게 나오다니 미쳤다 진짜 사랑합니다 그림체도 취저네요 와 진짜 사랑합니다 ,그림체가 디테일한
비형은 갈수록 귀여워질거야,그림체가 귀여운
우리 독자 못생긴거아니었냐고 ㅋㅋㅋㅋ큐ㅠㅠㅜㅜㅜㅜ 개잘생걌어어어어ㅓㅇ,잘생긴
독자 얼굴 귀여워,잘생긴
와 개잘생겼네 저도 도깨비가 되서 저기에 들어가면 독자 얼굴 실시간 구경 가능하나요,잘생긴
막컷 도깨비 눈 쥰내 초롱초롱해ㅋㅋㅋㅋㅋ,그림체가 귀여운
반년만 참았다 볼까봐요ㅠㅠㅎㅓㅇ헝 넘 재밌엉,기다려지는
도깨비 마지막에 눈 똘망해지는 것 봐 솜뭉치가 저러니까 더 귀여워,그림체가 귀여운
나혼렙 아류작인줄 알았는데 이것도 재밌네 ,판타지물
막컷 보니까 너무 귀여워 ,그림체가 귀여운
ㅋㅋ 귀여워,그림체가 귀여운
마지막 도깨비 기여워 ,그림체가 귀여운
막컷 왤케 귀여웤ㅋㅋㅋㅋ,그림체가 귀여운
개겹군개귀엽다는 뜻임다,그림체가 귀여운
도깨비비형 저눈빛은 마치 이성을 보고 첫눈에 반했을때 나오는 눈빛이자나 ,
눈 초롱초롱 한거봐 개귀여워,그림체가 귀여운
비형 귀여워ㅠ 눈 초롱초롱한 거 보세요ㅠㅠㅜㅜㅜ,그림체가 귀여운
아닠ㅋㅋㅋㅋㅋ동심파괴처럼 그리다가 막컷보고 뿜었내 ㅋㅋㅋㅋ,빵터지는
ㅋㅋ저도깨비기여워졋엌ㅋ,그림체가 귀여운
어 개 귀여워서 씹어먹고싶다,그림체가 귀여운
유중혁 재수없는데 엄청 잘생겼다,잘생긴
캬  유중혁이 웃는걸 다 보네  멋진 자식  얼굴도 손도 아주 최고다 이쁘구나 유중혁  이후에 나올 애들도 기대된다ㅎㅎ,잘생긴
미친 유중혁 얼굴천재,잘생긴
중혁이  우리  완벽한 얼굴 ,잘생긴
이 장면 어떻게나올지 궁금했는데 너무너무 좋다 김독자 떨어질때 따라 웃는것도 좋아,
완결까지 잘 봤어요 재미있었어요 ,기다려지는
유중혁존나잘생겼네,잘생긴
유중혁 얼굴 실화냐  가슴이 웅장해진다 저얼굴로 김독자는 말아먹었지만 웃는 얼굴에 팬인 김독자도 감동햇을거다 ,잘생긴
유중혁 이자식 잘생겼네 매번 느끼지만 잘생겼어 응 믿겠다 넌 예언자가 맞군 가슴에 새기세요 이 손 놓고 꺼져 이 빌어먹을 새끼야도 마음에 새기세요 이 대사를 떠올리면 당신의 심장이 뛰고 있음을 느낄겁니다,잘생긴
아 근데 김독자 떨어질때 웃는거 존나 좋다ㅠㅠㅠ,잘생긴
아 개잘생겼다 순간 심장잡고 엎어짐 저러니까 세계관최강외모지,잘생긴
이거 볼때마다 느끼는데 그림체랑 스토리가 나 혼자만 레벨럽 느낌이남,판타지물
개잘생김,잘생긴
아 오진다 중혁이 얼굴 날이 갈수록 빛을 발하네,잘생긴
진짜 존나 잘생겼네 ,잘생긴
와 진짜 ㅈㄴ잘생겼네,잘생긴
하 유중혁 진짜 와꾸대장이다 어떡하냐 ,잘생긴
유중혁 와꾸가 미래다,잘생긴
유중혁 개잘생겼다 진짜 ,잘생긴
 년인동안 주  회 연재해야  편인데 ㄷㄷ,기다려지는
아이고 이제 잘생긴 중혁이 얼굴 자주 나오는건가여 매주 수요일이 기대됩니다 ,기다려지는
와 어떻게 효과음도 잘생겼어 ,잘생긴
유중혁 와꾸 실화냐  ㄹㅇ가슴이 웅장해진다 ,잘생긴
아 유중혁 잘생겼다 ,잘생긴
하 잘생긴 얼굴은 하루에 한번씩은 봐줘야 함 ,잘생긴
와 오졌다  유중혁 너무 잘생겼잖아요  들숨에 잘생겼고 날숨에 섹시한 남자  유중혁  그대만 보기 위해 쿠키를 구웠다고 너는 진짜 잘생김의  도 가 지나쳤고  너의 섹시함에 나를  미 쳐버리게 만드니까  너는  레 인 거야  응   레 가 아니라  파 인 건가  그래서  파 천황인 거고  역시 유중혁 천황의 외모가 남다르나니  그대의 외모는 모든 만물을 감탄시키게 만드는데 한 몫 하니라  세상이 그대로 인해 경천동지하니  그대는 경국지색이요  세상을 발 아래 두어 농락하는 패왕과도 같도다 주접 너무 떨었나 ,잘생긴
어모 멋있어요 김 독 자씨 ,잘생긴
다음화 내용을 생각하니까 벌써 심장이 존나게 뛰어오  유중혁 존나 잘생김 유중혁 얼굴이 개연성이다 최고다 유중혁  그리고 목 잡힌 채로 할 말 다하는 김독자 개웃김ㅋㅋㅋㅋ 웹툰 작가님 어디서 모셔왔는진 모르겠지만 연출 진짜 기깔나네요  속도를 보아하니 십년은 거뜬히 연재 가능할거같은데 기쁜 마음으로 함께 하겠습니다 꺄,기다려지는
유중혁 내가 사랑한다 진짜 내가 너땜에 살지 누구땜에ㅜ사니 나 태어나서 이렇게 잘생긴 이름도 처음 들어봤너 중혁아 중혀가가각 ,잘생긴
도깨비 넘 커여운거 아니요ㅠㅠㅠ 나주겅 ㅠㅠㅠ,그림체가 귀여운
저 도깨비 나만 귀여워 ,그림체가 귀여운
와 끊는거봨ㅋㅋㅋㅋ ㅠㅜㅜㅜ 담주 빨리어라ㅏ,기다려지는
저 친구 어떻게 그리셨을지 궁금한데 끊기네 ㅠㅠ,기다려지는
하 진짜 ㅈㄴ 잼있다,기다려지는
미쳤다 진짜 여기서 끊으면 다음주까지 어케 기다려요오,기다려지는
와  진짜 뭐지 이렇게 재밌는 웹툰은 진짜 오랜만이다 ,기다려지는
진짜 재밌다 ,기다려지는
하 다 알고있는데 여기서 끊는건 진짜 일주일동안 어떻게 자라고요 ,기다려지는
비형 겁나 귀엽네 키우고 싶다 ,그림체가 귀여운
귀만 봐도 잘생겼다,잘생긴
책갈피 연출 미쳤다  말 그대로 책을 형상화했네,그림체가 디테일한
발과 얼굴의  만으로도 알수있다 미남여부 ㅁ  컴온 컴온 ,잘생긴
근데 독자 책갈피 쓰는 것 이렇게 멋질 일인가요  당연히 멋질 일이죠 우리 독자 너무 잘생겼다,잘생긴
원작도 대단하지만 확실히 지금팀분들이 잘하시는것 같긴하다 그림으로 저렇게 하는것도 어려운데,그림체가 디테일한
썸넬 도깨비 되게 기여웤ㅋㅋㅋㅋ,그림체가 귀여운
여러분 소설 보세요 ㅈㄴ재밌습니댜,기다려지는
하 진짜 존ㄴㄴㄴㄴ나 재밌다 ㅠㅠㅠㅠㅠ ㅠㅠ 책갈피 표현할때 책장 넘어가는 거 표현 너무 너무임 ㅠㅠㅠㅠㅠㅠ  ,기다려지는
우와 책갈피 연출  소름돋았어요 ,그림체가 디테일한
아 비형 겁나 귀엽다ㅜㅜ상상이상이야ㅜㅜ,그림체가 귀여운
남운아  지금 할말은 아니지만 잘생겼구나 ,잘생긴
아 다음주까지 언제 기다려 ,기다려지는
하흑  심장 쫄려요ㅜㅜㅠ 근데 재밌어요ㅠㅠ,기다려지는
오  흥미진진ㅋ,기다려지는
완전 졸잼이다 이거 매주  번 연재히면 안되나,기다려지는
ㅏㅏㅏㅏㅏㅏㅏㅏㅏㅏㅏㅏㅏ 다음화ㅏㅏㅏ,기다려지는
진짜 귀여운 모습하다가 웃는거 섬뜩하네 ㄷㄷ,어두운
엄청나게 고퀄로 그려주셔서 소설을 영화처럼 생생하게 다시 보는것 같아요  그림작가님들 짱  감사해요 ,그림체가 디테일한
아 이거 괜히 봤다 아껴놨다가  년 있다볼걸 느낌이 나혼업이랑 비슷해서 재밌메 ,판타지물
유중혁 얼마나 잘생겼는지 보고싶은데 언제 나오려나 ㅠ,잘생긴
작화 죽인다 굿굿,그림체가 디테일한
열라 재밌옹 ,기다려지는
와  웹툰 퀄리티 봐 ,그림체가 디테일한
와 진짜 개꿀잼이다ㅠㅠㅜㅠㅜ,기다려지는
기브 미 다음화 ,기다려지는
긴고아의 죄수면 손오공  최강인데 ,판타지물
그림진짜 지린다 ,그림체가 디테일한
아니 난 어느 만화든 제천대성이 너무 좋아ㅜㅜ,판타지물
우리엘 손 너무 예쁘다 ,판타지물
제천대성 저정도면 레알 털복숭안데 아니지털복숭이라고 해야되나,판타지물
우리엘 제천대성  ㅠㅠ,판타지물
여러분 재천대성 ㅈㄴ쌔요 ㄹㅇ,판타지물
진짜 작화 죽인다  이렇게 매주 어떻게 그려요 ,그림체가 디테일한
그니까 성좌라는 대단한 것들이 지금 유튜브 같은 거나 보면서 낄낄대고 후원하고 있다는 건가,판타지물
ㅋㅌㅋㅌㅋㅋ진짜 작화고 스토리고 개좋다 내 취향 은근 터지는것도 있고 진짜 너무 좋음 그나저나 그럼 독자는 제천대성 고른건가 왜 흥미로운 선택이지 아니 난 긴고아 읽자마자 손오공이구나 했어 ㅎㅎ,그림체가 디테일한
스포 봐도 이해가 안되네 인간이 성좌가 될 수 있다는거임 ,판타지물
우리엘 지렸다 ,판타지물
독자 흐릿한듯 잘생긴거 최고,잘생긴
와 성좌방송을 저렇게 표현했구나  대박이다,판타지물
진모리 생각나네 제천대성  주인,판타지물
리얼 개재밌다,기다려지는
이제 다음화가 나오기에 몇일만 지나면  두근두근 ㅠㅠ,기다려지는
와 원작이 진심 범접못할정도여서 에이 전독시는 웹툰이나 애니로 안나오지  했는데 그걸 표현하네 진심 개소름 그림작가님완전 소름ㅎㄷㄷ 표현력이 장난아니네,그림체가 디테일한
다음편주세요 ,기다려지는
지렷다 ㅠㅜㅜㅜ하 작가님 고생하시는거 잘 알지만다음화가 시급해요 ㅠㅠㅠ아니 사실 완결이 시급해요 ㅠㅠㅠㅠㅠ빨리 다 보고싶어요 ㅠㅠ,기다려지는
진짜 하루에 한번씩 언제 올라오나 들락날락 거리고 있음ㅋㅋㅋㅋ 화요일  시 언제 와 ,기다려지는
쥰내 재밌구먼 ,기다려지는
연출 너무 잘그려주시는듯 누가 웹툰 완결난 뒤에 다시 깨워줬으면,기다려지는
유쯍 발만나와도 잘생김,잘생긴
유중혁 간지가 보통 간지가 아닌데  역시 저 정도는 되어야 주인공 자리에 오를수 있는건가,먼치킨인
와 유중혁 얼굴   ㄹㅇ루다가 최고의 장인이 천 년동안 빚어 만들어낸 걸작을 뛰어넘는 외모다 ,잘생긴
중혁아 오랜만에 보니 더 잘생겼다,잘생긴
오 저 잘생긴 애 언제쯤 다시 나오나 했다돌아왔구나 유태식이 ,잘생긴
중혁이 얼굴이 나라네 오랜만에 봐도 잘생겼어 ,잘생긴
여러분 오늘 독자 청순섹시미 미쳣네요,잘생긴
마지막에 유중혁 분위기 봐 나는 태어나길 잘했ㄷㅏ,잘생긴
와 유중혁 진짜 멋있다,잘생긴
비형 진ㅁ자 너 왤케 귀여움  날 죽이려는 게 확실해 저 말랑말랑보들보들 털뭉치를 좀 보라구 ,그림체가 귀여운
도깨비 통신에 도트형식으로 되어있는 비형 너무 귀엽다ㅜ,그림체가 귀여운
 성좌   화요일 밤을 기다리는 눈 이  긴고아의 죄수 의 머리털은 멀쩡하냐고 묻습니다 ,판타지물
ㅋㅋㅋㅋㅋ ㄱㅇㄱ 독자 너무 잘생겻당,잘생긴
와  정말 재밌네요  지렸다는 말이 절로 나옵니다 ,기다려지는
진짜 어디서 데려온 웹툰 작가님들이지 ㄷㄷ 실력이 어마어마하시네요 너무 소름돋게 잘 표현함 ,소름돋는
아 소름 돋아 ,소름돋는
와  진짜 소설로 볼때는 그냥 오오 재밌다 정도였는데 지금은 대박이다  웹툰 연출 너무 대규모 온라인 게임같고 좋아요,게임물
슬픈내용도 아닌데 너무 그림멋지고 스토리 좋아서 눈물남 ,그림체가 디테일한
 성좌 이야기를 모두읽은자가 자신은 스포에 데미지를 입지않는다고 말합니다 ,판타지물
스포지만 긴고아는 탈모입니다,판타지물
성좌 긴고아의 죄수가 역시 주인공이네,판타지물
크 소름 돋았다 머리부터 발끝까지 ,소름돋는
사이다 ,사이다인
밑에서  번째 컷 우리 독자 속눈썹 길게 나온것좀 보세요 진짜 예뻐,
 성좌 전독시 최고가 최고라고 외칩니다 ,판타지물
ㅇㄴ 작가님 너무재밌어서어떡해요  하  ㄹㅇ ,기다려지는
도깨비가 가면갈수록 기여워지넹ㅋㅋ이때까지 본 웹툰중에 제일로재미있어욧 ,그림체가 귀여운
캬 사이다  지하철에서 뭐 메뚜기 알을 나누네 마네 했던 사람들 보고있냐 ,사이다인
오빠 멋있어,잘생긴
독자갓 ㅠㅠㅠㅠ 개멋져 진짜ㅠㅠ 다음화는 드디어 희원누님 특성개화 볼 수 있겠죠 ㅠㅠ,기다려지는
다음주  다음주다  다들 하기스 매직팬티 주문해두라고 ,기다려지는
이정도면 내가 좋아하는 장면중 하나가 다담주에 나올라나,기다려지는
성좌들 진짜 귀엽네 ㅋㅋㅋ,판타지물
웹소설 원래 잘 안 보는데 웹툰이 너무 재밌어서 보러갔더니 하루만에  화 순삭  웹툰이랑 소설 둘다 다른 느낌으로 재밌어서 행복해 진짜 졸라 재밌어 뒷부분도 빨리 웹툰으로도 보고싶다 후하후ㅏㅎ후하후 작가님 연출 너무 재밌어 행복해 심지어 작화도 좋아서 저 독자 얼굴 볼 때마다 설레서 죽었잖아요 지금 아 진짜 사랑합니다 그림 그려주셔서 감사해요 엉엉,기다려지는
진짜 작화 연출 전개 미쳤어요  이런 고퀄리티를 매주 볼 수 있다니 너무 감사합니다  작업 파이팅입니다 작가님 ㅠㅠ,그림체가 디테일한
길영아 이모 심장아파 죽겠다 너무 귀엽잖니ㅜㅠ,그림체가 귀여운
성좌들 하나같이 매력터지넼ㅋㅋㅋㅋ 진짴ㅋㅋㅋㅋ,판타지물
 극소수의 성좌들이 숨을 죽입니다   진짜 성좌들 보면 볼수록 귀여움ㅋㅋ ㅋ ㅋㅋ ㅋㅋㅋ ㅋ ㅋㅋㅋ ㅋ덕분에 같이 숨죽였잖어ㅋ ㅋㅋㅋ ㅋㅋ,판타지물
잘생겼어 ,잘생긴
개꿀잼이네 ㅋㅋㅋㅋㅋㅋㅋㅋㅋㅋ ,기다려지는
쿠키는 얼마든지 줄게 얼른   얼른   다음   화,기다려지는
진짜 개재미있음 레알 안보면 손해다,기다려지는
은밀한 모략가가 더 재밌던데 ㅋㅋㅋ,판타지물
와 퀄리티가 ㄷㄷ 네이버  대 작화에 뜨겠네 ,그림체가 디테일한
와 디버프제거도있어 사기스킬이긴하네 ㅋㅋ,먼치킨인
 성좌    단행본을 기다리는 흑우  가 소설을 꼭 읽으라고 말합니다 ,판타지물
예정된  고구마에 분개합니다 ,고구마인
그 와중에 마지막 일러에 토끼 비형 커엽,그림체가 귀여운
작가님 동물 곤충 참 잘그리시네요 ,그림체가 디테일한
예정된 고구마에 분개한대 ㅋㅋㅋ,고구마인
진짜 작화 너무 좋아요 ㅜㅜ 한 칸 한 칸을 아껴서 보는 몇 안되는 웹툰 중 하나입니다 ㅠㅠ,그림체가 디테일한
한명오 진짜 도움 안됔ㅋㅋㅋ,고구마인
부장님 잘가요 ㅋㅋㅋㅋㅋ 아 고구마에 사이다네다네  다메다메 ,사이다인
 성좌 쿠키를 굽는 검은 소 가 같은 동료인 화요일 밤을 기다리는 눈 을 부릅니다 ,판타지물
와 진짜 독자 카리스마 철철 넘친다 진짜 멸살법 찐덕후같아 누가 언제나오고 특성 하나하나 알고있고 진짜 미친다 다음화가 너무 보고싶어요,기다려지는
진짜 잘생겼음 또 반함,잘생긴
 성좌 쿠키 굽는 흑우가 다음 편에 관심을 보입니다 띠링  미션 다음 편이 나올 때까지 존버타시오 보상 재밌는 멸살법 다음 편실패시 ,판타지물
독자 머리 좋다 진짜  이건 소설을 한 번 봤다고 해서 할 수 있는 행동이 아님 원래도 머리 좋은가봐 부럽다,똑똑한
존잼이네,기다려지는
식량 사라지는거 은근 사이다,사이다인
길영이ㅠㅠㅠㅠ 초코바까지 계산하구 애가 아주 똑부러져  ,똑똑한
 성좌   전독시 독자들 이 다음화를 빨리 보고싶어합니다 ,기다려지는
 독자는 똑똑하자 도깨비는 귀엽다 은밀한 모략가는 관종이다 번은 개인주의야 인호도 개인주의야,똑똑한
헐 전독시 처음보는데 내용 진짜 재밌어요  ,기다려지는
재밌어욤,기다려지는
근데 독자 넘 귀엽게 생겨써  아앗 안돼 이 얼빠 ,잘생긴
재밌어 ㅠㅠㅠㅠㅠㅠ,기다려지는
오 소름,소름돋는
작화가 미침 독자 원작에서는 못생겼다고 나왔는데 왜케 잘생겼냐  ,잘생긴
김독자   코인얼마면 다음화 볼 수 있는거냐 ,기다려지는
이렇게 재밌어도 되는거냐 ,기다려지는
천인호 웹툰으로보니 생각보다 잘생겼네 ㅋㅋ,잘생긴
으윽 고구마 ㅜㅜ빨리 사이다가 필요해 그래도 재밌다ㅎ,고구마인
다음화 주세요 ㅜㅜ 진짜 재밌어요 웹툰이 이렇게 재밌는데 소설은 얼마나 재밌을지 기대되네요 독 자 짱,기다려지는
어쩜   소설도 잼나는데 만화도 있는그대로 겁나 잘 그려서 행복 ,그림체가 디테일한
근데 진짜 저런 인간들 개 역겹다,어두운
말은 하지 않았지만 모두 첫번째 시나리오를 걸쳐 온 사람들이라는 게 제일 소름돋는다 저기서 비겁하게 굴든 위선을 떨든 결국 첫번째 시나리오를 통해 본인이 살아남으려고 다른 사람을 죽이고 올라 온 사실이라는 건 변하지 않을거니까,어두운
내가 이래서 인간이 싫어  들이 왜 계속 ㅈㄹ들일까 역겹네 시발 ,어두운
전독시 초기 파트는 내가 개인적으로 젤 좋아한 파트임  읽다 보면 뭔가 전율하게 되는 그런 게 있음 ,소름돋는
다음화가 절실해요ㅜㅡㅜ,기다려지는
이현성이 뭐랄까 주인을 기다리는 대형견 같달까 그냥 귀엽다구요 ,
중혁이는 뒷모습만봐도 잘생겼다,잘생긴
와 진짜 그림으로 보니까 고구마  개는 먹은것같다독자는 어떻게 저 상황에서 머리굴려 탈출할까 ,고구마인
독자 손 왜케 커  소설 속의 쪼잔한 독자맞냐ㅠㅠㅠㅠ 얼굴은 왜케 잘생겼어ㅠㅠㅠ,잘생긴
눈 땡그래ㅠㅠㅠ귀여워미쳐,그림체가 귀여운
독자 존나 멋있네,잘생긴
김독자 플러팅 오진다 ,똑똑한
와 그냥 보고 있었는데 이곳의 모든 인간은 살인자다 읽은 순간 소름,소름돋는
넘 재밌다 진짜 원작소설스토리도 탄탄한만큼 웹툰 퀄리티도 좋게돼서 진짜 다행이네,그림체가 디테일한
뭐지 천인호 생각보다 잘생김  ,잘생긴
길영이가 독자 따르는 거 너무 귀여워 ㅋㅋ큐큐ㅠ 마치 새끼 오리가 어미 오리 따르는 것 같앸ㅋㅋ큐큐ㅠㅠㅠ,그림체가 귀여운
길영이 김독자 보자마자 독자 품에 포옥하고 안기는거 귀여워ㅠㅜㅜ,그림체가 귀여운
중혁아 네 얼굴이 안 나와도 잘생겼다잘생겼다 유중혁  네가 미 그 자체다 ,잘생긴
와 천인호 잘생겼네 안경쓰고 수트입고있을줄알았는데 정희원은 빨강머리일줄 암ㅋㅋㅋ 근데 이거도 너뮤 좋당 헷,잘생긴
현성씨 그렁그렁 너무 귀엽다 ㅠ,그림체가 귀여운
독자 진짜 잘생겼다 매번 느낌,잘생긴
와 작가님 이렇게 빨리 올라오기면 좋아할줄 아시죠 사랑합니다 ,기다려지는
어우 독자 멋져  눈부셔  최고야 ,잘생긴
와  이번화는 진짜 아포칼립스 느낌난다 소름돋아 ,소름돋는
중혁아 너는 뒷모습만으로 나의 심장을 때리는구나 역시 중혁이는 뭔가 다르네 정말 대단한 재능이라 생각해  사랑해 유중혁 ,
아 길영이 개 귀엽다 진짜ㅋㅋㅋㅋㅎ,그림체가 귀여운
와 개멋있어,잘생긴
와 겁나 멋있어 세상에,잘생긴
흑흑 중간에 애기독자 너무 귀여워,그림체가 귀여운
대충 보다가 점점 재밌어지는것 같아서 다시 정주행 하는중 재미있고 스토리 탄탄한것 갔고 작화 좋은거 정말좋아하는데 특히나 작화도 작붕 없고 날림체도 아니고 제대로여서 마음에 든다 ,기다려지는
스토리며 작화며 연출이며 뭐하나 손색없이 완벽한 웹툰 ,기다려지는
보면볼수록 나혼렙에 성진우 닮았네,판타지물
와 나 소름돋았네 나혼렙 스튜디오에서 그림 그린거였누,판타지물
성좌들 귀엽누,판타지물
여기에 미성년자인 성좌는 없겠지 이대사 진짜 너무 분위기 오졌었음잔인한거 나오니까 그런건데 진짜오짐,판타지물
독자가 이렇게 멋있게 나오네 ,잘생긴
저런 사람이 백발되면  와우 상상만 해도 개머싰네,잘생긴
독자 조은나 잘생김,잘생긴
와 작화님 근데 진짜 대박이다 생각하는 그대로 그릴 수 있는 능력이라도 있으신가 ,그림체가 디테일한
드디어 나왔네ㅠㅠ,기다려지는
존나 멋져,잘생긴
너무 재밌다 네이버웹툰에서 제일 재밌어요ㅠㅠㅠ,기다려지는
아 ㅋㅋ난 김독자가 구원의마왕이라는 성좌될줄은 ㄹㅇ몰랐다,판타지물
와 이거 진짜 재밌다ㅠㅠㅠㅠ,기다려지는
재밌어보여서 소설 다 봤는데 스토리도 탄탄 슬프기도하고 떡밥 회수도 좋고 진짜 만족하면서 재밌게봤어요 추천함 ,기다려지는
진짜 소설 꼭 보세요  만원 주고 볼 가치가 있습니다 ,기다려지는
오늘도 독자는 잘생겼다,잘생긴
나혼렙을 정주해하니까  전독시랑 나혼렙이랑 도굴왕  개외에는 눈에 들어오지 않기 시작했다 ,판타지물
김독자무려 카리오의 제자이며 명계의 후계자이며그리고 김독자컴퍼니를 만들어 무려 성마대전 서유기등등작은 성운이 쓸어버렸다고 그리고 거대설화 기 승 전 결을 완성했다고 ,먼치킨인
님들 은밀한모략가인생 들어보면 ㅈㄴ슬픕니다 ㅠㅠ,판타지물
멸살법 멸망한 세계에서 살아남는 세 가지방법 유중혁 주인공 패왕 초월자들의 왕 장하영 나중에 동료됨 환생자들의 왕 석존인가 부처 유중혁은 결말에 갔지만 동료가 다 뒤짐,판타지물
그리고 명계의 후계자가 됨 신화급 성좌 하데스 신화급 성좌과 무엇이냐 하데스 포세이돈이런 왕같은절대적인힘이 신화급 성좌이다 제우스는 결말을 봄그리고 은밀한 모략가는 거의 최종보스,판타지물
김독자개잘생김  우리오빠 최고야,잘생긴
독자 잘생겼다 ,잘생긴
독자 너무 잘생겼닿,잘생긴
독자 ㄹㅇ 멋있네,잘생긴
근데  소설보다 못할 수 밖에 없는게 소설이  화가넘는데 ㅠㅠ 어떻게 소설만큼의퀄리티를뽑아요  소설만큼의 퀄리티 낼려면 적어도 휴재없이  년은 연재해야된다고 ,그림체가 디테일한
구원의마왕 가장오래된꿈 빛과 어둠의 감시자 맞나 ,판타지물
ㅇㄴ 김독자 개잘생김 사랑해 오파,잘생긴
제 최에 작 ㅠㅠㅠ,기다려지는
아 이웹툰 너무 재밌어ㅜㅜ,기다려지는
멋있다 김독자 ,잘생긴
아진짜도깨비너무귀여워,그림체가 귀여운
소설도 레알 존잼입니다웹툰만큼 몰입이 잘 되고요웹툰을 보고 소설을 후에 읽어서 그런지 글자를 읽을 때마다 웹툰 장면이 떠올라서 더 재밌습니다,기다려지는
그림체 갈수록 예뻐지네여,그림체가 디테일한
웹툰 중에 원작 소설 이렇게 잘 표현한 건 이게 처음이다 이것도 몇백편 모아놨다가 봤어야 했는데 ,그림체가 디테일한
하 독자 존나 잘생겼어 희원이 언니 왔구나  언니이  아 됐고 독자가 짱이야 존나 멋있고 존나 잘생겼어 누가 우리 독자 못생겼다 그랬어 어  나와,잘생긴
하 진짜 너무 재밋다 재밋어서 미침,기다려지는
전독시  볼때마다  느끼는  건데  다크소울 설정이랑 닮은  것 같음,판타지물
소설읽어서 내용알아도 웹툰의 연출과 그림으로 즐겁게 읽으니 너무 좋네요ㅠㅠ따흑 작가님 감사해요,그림체가 디테일한
성좌가 현실에서의 독자들이랑 비슷한 위치 아니냐 ,판타지물
독자 기럭지 쩐ㄷ,잘생긴
귀여운 우리엘도 보고 싶다,판타지물
와 정희원 전설 이제 시작하누 우리엘 빨랑 보고 싶당 ㅠㅠ,판타지물
멋있다 김독자  ,잘생긴
독자야 너 너무 예뻐 ㅠㅠ 입에 물고있는거 심각하ㄱ 졸귀다 진짜 ,잘생긴
주인공이 참 잘생기고 쿨해서 좋다 흐흐흫 흫,잘생긴
잡배의군주  ㅋㅋㅋㅋㅋㅋ  골라도 어울리는 거  너무  잘  골랐어,판타지물
성좌 이리치카 이바다 님께서 아주 즐거워합니다 ,판타지물
그냥 이 그림작가분이 소설 느낌도 잘살리고 퀄리티도 좋아서 너무 보는맛이 있는듯 원작읽을때 상상하던거보다 훨 재밌음 ㄹㅇ루,그림체가 디테일한
나혼렙이나 전독시 애니화하면 작화진들 힘들건데,판타지물
와 하도 주변에서 전독시 전독시 하길래 처음 봤는데 흡입력 장난없네요  소설도 함 봐야겠습니다  진짜 재밌다,기다려지는
근데 존잘,잘생긴
앞으로가 기대된다,기다려지는
김독자 귀엽고 섹시하고 멋지고 다하네,잘생긴
진짜 독자 볼 때마다 넘 잘생겨서 놀래,잘생긴
난 김독자가 마왕될줄은 몰랐다 ㄹㅇ,판타지물
아 ㅋㅋ난 은밀한 모략가가 유중혁일줄은 몰랐지,판타지물
나혼렙처럼 너무 재미지다,판타지물
점점 더 잘생겨진다 ,잘생긴
이거 개꿀잼인데  오늘 이거 첨부터 여기까지봄,기다려지는
여자분 그림체 너무 아름다워요 와ㅏㅏ아아아 소설때 상상한거랑 다른데 너무 맘에 드러요,그림체가 디테일한
독자씨 사랑해요 얼굴이 오늘도 열일했네요,잘생긴
그림 너무 잘그려요,그림체가 디테일한
독자 존잘 미쳤다,잘생긴
독자 표정 겁나 섹시해,잘생긴
히 재밌당,기다려지는
잡배의 군주ㅋㅋㅋㅋㅋㅋㅋㅋ 대박이다ㅋㅋㅋㅋㅋㅋㅋㅋㅋㅋ,판타지물
독자 왤케 잘생겼어 ,잘생긴
오늘 나온 여자를 구한건 단순한 도덕심이 맞습니다 어쩌면 절대선 계통 성좌들의 후원을 노린걸수도 있겠지만 후원이 있었다고 나오지는 않았습니다 그리고 처음 모습을 묘사할 때  상의는 반쯤 벗겨져 있었고 치마의 실밥은 조금 뜯어져 있었다 라고 나와 있는데 어떤 의민진 각자 추정해보시기 바랍니다,판타지물
진짜 그림작가님 최고ㅠ 내가 상상했던 딱 그 모습으로 김독자를 그려주셨어요ㅠㅠ엉엉 날가져요  그래요 소설에선 다 우리 독자가 오징어급으로 못생겼다고 그러는데 아니였다고요ㅠ 그냥 같이 다니는 니네들이 다 넘사벽이고 우리 독자는 그냥 넘사벽을 넘을까말까하는거였다고ㅠ,그림체가 디테일한
라쿤님 그건 제  의벽 때문일겁니다 제  의벽이란 연극에서 연기자와 관객 사이에 있는 벽으로 서로가 서로를 인지하지도 간섭하지도 못하게 하는 것을 뜻합니다 김독자는 제  의벽 스킬로 인해 책을 읽거나 연극을 보는 것처럼 인식을 하기 때문에 더 침착하고 고통에 둔감해지고 결단력이 높아지는 것입니다 마치 축구경기나 게임 경기를 볼 때 나였으면 어떻게 하겠다는 계획이나 생각이 술술 나오듯이요,판타지물
독자ㅠ왤캐 섹시해요       ,잘생긴
와 ㅈ나 멋있다  남자가 봐도 멋있음 ,잘생긴
넘 잘생겼다잉,잘생긴
ㄷ 다음화  걍보자 에이  ㅎㅎ,기다려지는
다음화가 있는곳으로 안내해,기다려지는
 ㅡ 이분은 거의 모든 판타지웹툰을 다 보시는듯 베도에도 있음 ㅎㄷㄷㄷ,판타지물
독자 오빠  섹쉬해  겁나 좋쿤 ,잘생긴
 성좌   뒷이야기를 알고있는 검은소 가 미소를 짓습니다 ,판타지물
개잘생겼어 사랑해요 독자님,잘생긴
날 다음화로 안내해,기다려지는
독자얼굴 소설 최근화 끝까지 잘 보신분들은 오징어 얘기안합니다 어물쩡 보시고 말 ㄴㄴ  후반부에 얼굴에 관한 이야기 다시 나옵니다근데 여기선 애초에 잘생긴 얼굴을 보여주고 시작해서 성좌명이나 별명들 어떻게 다시 설정할지 궁금하네요 ,잘생긴
ㅈㄴ잘생겼네,잘생긴
진짜 소설  화인데도불구하고 내용산으로안가고 처음부터 끝까지 재밌음 꼭보셈,기다려지는
허파 물고있는거 완전 귀엽다 ,그림체가 귀여운
완결까지 한번에 보고싶다 ,기다려지는
  막컷 무셔  ㄷㄷㄷㄷㄷ 써늘하게 빡친게 느껴져서 더 무셨  ,어두운
소설  화 살 가치 충분히 있고요 앞으로 나오는 여캐들도 많고 묘사가 다 잘생기고 예쁩니다,잘생긴
와 너무 재밋어요,기다려지는
독자 너무 잘생겼다 이번편 특히 뭔가 섹시하게 나왔어 ,잘생긴
성좌들이 빠른전개를 방해하는 훼방꾼의 등장에 크게 분개하였습니다 나만 웃기냐 ㅋㅋㅋㅋㅋ,판타지물
아 이와중에 진심 잘생겼네 잘생겼다 김독자 ,잘생긴
정희원 후반부 작화 쌉기대되누,그림체가 디테일한
여행가자님 아무리 그래도 여기서 그런얘기 하시는건 좀 그렇네요 나혼렙은 카카오 꺼고 여긴 네이버잖아요 그리고 나혼렙 소설 다 본 사람으로서 저는 나혼렙보다 전독시가 더 재밌었습니다  물론 사람마다 다르지만 그렇다고 간식같은 만화라느니 그런말은 삼가해주셨으면 합니다 ,판타지물
와 오빠 존나 멋있어,잘생긴
우리 독자 곱고 귀엽고 섹시해  중간에 유중혁처럼 말해보기 찐덕후의 귀여움ㅋㅋㅋㅋㅋㅋ,잘생긴
김독자 얼굴 오진다ㅠㅠ 이게 삶이다ㅠㅠ,잘생긴
생각보다 더 이쁘게 잘 그렸다,그림체가 디테일한
독자 허파 물고 있는거 귀여워 ,그림체가 귀여운
흐어엉ㄹ 독자야 오늘도 예쁘다ㅠㅠㅠㅠㅠㅠ,잘생긴
오늘 김독자 지읒니은 귀여워 ,그림체가 귀여운
내 최애 희원이 잘 그렸다  작가님 짱,그림체가 디테일한
완결작 보고 난뒤 이거 봤는데 무의식으로 다음화 눌렀었음 ㄷㄷ,기다려지는
유중혁 따라하기 또 봐도 웃기네ㅋㅋㅋㅋ,빵터지는
오늘도 김독자 쥰내 잘생기셨네ㅎㄷㄷ,잘생긴
독자 검정 셔츠 개잘어울려 존나 잘생겼네,잘생긴
허파 물고 있는 김 독 자 너 무 귀 여 워  ,그림체가 귀여운
유중혁처럼 말해보기 ㅋㅋㅋㅋ 귀엽다ㅜ,빵터지는
유중혁처럼 말해보기래 ㅋㅋ  넘 귀엽다 독자 ㅋㅋ,빵터지는
 초만에 다봤네 ㄹㅇ,기다려지는
 주전에 여기까지 지르고 지금 시리즈에서 마왕성보는중인데 왜이리 귀엽냐ㅋㅋㅋ아직 내가 보는부분  분의 도 안왔네ㅎㅎ,판타지물
깨알 유중력 따라하기ㅋㄱㅋ,빵터지는
와 김독자 섹시해퓨ㅠㅠㅠㅠ,잘생긴
김독자 ㅈㄴ 멋있어 ,잘생긴
잡배의 군주ㅋㅋㅋ 이름봐랑ㅋㅋ,판타지물
와 진짜 성좌 독심술 쓰네 정확해,판타지물
근데 잘생김님 미쳤나요  왜 스포하지 날라면서 지가 스포하고 있어 양심 없냐 ,잘생긴
진짜 개재밌다 ,기다려지는
독자 사복 존잘,잘생긴
독자야 오늘따라 유독히 더 잘생겼구나 작가님 그림 퀄릭티 미쳤어요ㅠㅠㅠㅠㅠㅠㅠㅠㅠㅠ 이번 화 울 멋진 언니 등장 ,그림체가 디테일한
독자 왕따였음  근데 존나 쎈데,먼치킨인
유중혁처럼 말해보깈ㅋㅋㅋ,빵터지는
독자 겁나 잘생겼네 ,잘생긴
와 ㄹㅇ 사이다,사이다인
와 씨 검정 셔츠 존잘인데 왜 저런 옷 지금 입혔냐,잘생긴
소설을 웹툰화 시켰는데 진짜 어색하지 않고 잘그리시네요,그림체가 디테일한
와  독자 멋있다 ,잘생긴
하앍 섹시해요 독자씨,잘생긴
아 진짜 묘사 너무 좋아  퀄리티 너무 좋아요 연출도 그렇고,그림체가 디테일한
  독자쿤 멋있자나   오해하지마라,잘생긴
아 책이랑은 여기서 느낌이 조금 갈리네요소설에서는 이때 독자가 죽이지 않을 수 있고  여성분에게 선행을 베풀지 않을 스도 있지만 성좌들이 보는 이 방송이 그런 선함과 잔인함을 원하기 때문에 행하는 위선이다 라는 느낌이 확 드러났는데 웹툰에서는 독자 자신의 내면에 조금 더 집중한거같은 느낌 ,판타지물
아 너무재밌네ㅋㅋㅋㅋ,기다려지는
김독자 존나 멋있어 ,잘생긴
다음화에 드디어 모든전독시 팬들의 사랑을 독차지하는  픽 갓명오 킹장님 나오겠네 ㅎㅎㅎ 빨리 갓명오 따님 아스모쨩 보고싶어요 ,기다려지는
사람은 죽이면서 또 다른 사람은 업고가는  ,어두운
잘생겼어  이 말밖에 안나온다 ,잘생긴
저 잡배의 군주 화신 불쌍해 큐큐ㅠ큨,판타지물
이케봐도 잘생기고 저케봐도 잘생기면,잘생긴
아니 성좌들 반응이 너무 귀여워ㅋㅋㅋㅋㅋㅋㅋㅋㅋ,판타지물
아래에 은밀한 모략가가 누군지 스포한 녀석들아 아주 고오오오오오맙네 진짜 니들 덕에 소설에 쿠키 구울 맘이 아주 싹사라졌네 아주그냥  무 지능형 안티들이여 녀석들,판타지물
살면서 첨으로 쿠키구움 ㄹㅈㄷ인생작,기다려지는
진짜 ㅈㄴ 잼있다,기다려지는
김독자개멋있어,잘생긴
와씨 와  독자야 너무 멋있다 진찌 와 ㅜㅜㅜㅜㅜㅜ김독자 ,잘생긴
독자 존잘이네,잘생긴
진짜 독자 회마다 외모에 취한다ㅠㅠ,잘생긴
다음편이 있는곳으로 날안내해,기다려지는
제 의 벽 연출 너무 좋아 ㅠㅠ,그림체가 디테일한
그림진짜갓이다,그림체가 디테일한
아 존잼이네,기다려지는
나는   신탑에 유리 느낌일줄알았는데,판타지물
살짝 나혼렙 그림체랑 비슷하넹,판타지물
응 졸라 잼있어 다음 ,기다려지는
구원의 마왕까지밖에 모르냐 ㅋ,판타지물
스포아님  배후성이 있는 성좌와 싸우는 김독자는 후에 거대설화를 쌓아 자신이 직접  구원의 마왕 이라는 성좌가됩니다  ㅋㅋ루삥뽕빵뽕,판타지물
희원이 예뿌네 우리엘은 언제나오려나,판타지물
잡배의 군주 벨리알 추측해봅니다 벨리알이 원래 깡패랑 관련이 많기도 한게 벨리알같음,판타지물
김독자 잘생겼어ㅜㅜ,잘생긴
곤충 리얼하다 ㅁㅊ,그림체가 디테일한
다음편 ,기다려지는
ㄱㅇ의 마ㅇ편 존버합니다,기다려지는
하 일주일을 또 언제 기다려ㅠㅠ,기다려지는
통장털어서 소설로읽고왓따 너무재밋따,기다려지는
ㅠㅠㅠㅠㅠㅠㅠ막짤 너무잘생겻어 독자야ㅠㅠㅠㅠㅠ 언니나왓다ㅠㅠㅠㅠ 흑흑 이뻐여언니ㅠㅠㅠㅠ,잘생긴
  재미있네,기다려지는
독자 존멋,잘생긴
독자 쪽쪽이 물고있는거같아서 귀엽 ,그림체가 귀여운
잘생긴 사람만 봐도 재밌다는 얘기가 여기서 나온건가  ㅈㄴ 재밌다 ,잘생긴
아이고 독자야아아아아 독자야아아아ㅠㅠㅠㅠㅠ멋지다 우리 독자ㅠㅠㅠㅜㅠ,잘생긴
넘흐재밌다ㅠㅠ,기다려지는
다음화 다음화가 필요해 ,기다려지는
 성좌  미래를 보고온 자 가 알고 있어도 닥치고 있으라고 경고합니다 ,판타지물
진짜 세계가 멸망하면 선과악은 구분이 안되겠죠  슬프게도 저런 상황은 일어나지 않을 수가 없을 거에요 ,어두운
무조건 살리자,어두운
우리가  성좌임 ,판타지물
말고  다음편이 없잖아 ,기다려지는
개머시따 ,잘생긴
미치겠네 너무 재밌다ㅠ,기다려지는
우와 진짜 잼잇다 ㅠㅠ,기다려지는
우리 독자 멋있다 잘한다 잘생겼다ㅜㅜㅜㅜㅜㅜㅜㅜ 사랑해 김독자 ,잘생긴
독자야 나의 아기 고양이 헝헝헝ㅎ엉 너무 이쁘구나흐ㅠ훠,잘생긴
악인을 죽일때만큼은 세계최고로 쿨하고 섹시하고 얼굴이 펀한 김독자 당신 쿨펀섹좌 ,잘생긴
ㅠㅜㅠㅜㅠㅜ 으흙 독자 ㅈㄴ 존잘이네ㅠㅠ,잘생긴
이거 애니 말고 영화화 됨   부로 신과함께 회사랑,판타지물
근데 나혼렙 보는 사람으로써 스타일이 우리 성진우 행님 아니오 검정머리 단정함  잘생김 공식인가,판타지물
독자야 사랑해 오늘도 넘 머싯어 ,잘생긴
아 진심 독자 너무 멋있다ㅠㅠ,잘생긴
웹툰때문에 소설보기 시작  대존잼ㄹㅇ,기다려지는
미친 잘생겼네 ㅋ,잘생긴
와 저 얼굴 봐 독자 제대로 잘생겼다,잘생긴
우리엘 보고싶다 소설때 제일 보고싶고 또 맘에 드는 케릭터 였는데,판타지물
ㅗㅜ 튜토리얼 보고 오니까 힐링이 되는구만ㅋㅋㅋㅋ,게임물
와 근데 볼때마다 느끼는건데 작화 대박이다 보통 장기연재하는 웹툰들 보면 초반이랑 후반이랑 작화 더 발전하고 달라지던데 전독시는 여기서 더 발전할게 있을까  달라진다고 해도 캐릭터 스타일 조금씩만일듯 ,그림체가 디테일한
와 근데 그림체 진짜 압권이다  개대박  ㄷㄷ,그림체가 디테일한
다음화로 안내해 ,기다려지는
전독시 소설을 안읽어본 사람이 세상에서 제일 불쌍함앞으로 나올 내용들과 전개를 알고 있으니 그 거대한 서막들이 열리는걸 상상만해도 재밌는데 웹툰으로 어떻게 묘사될지 그 마지막은 또 어떻게 풀어갈지 기대됨,기다려지는
넘나 잼난 것,기다려지는
 튜토리얼 탑의 고인물 이랑 같은 소설원작 웹툰이여도 그림부터 분량까지 급이 다르네 역시,게임물
독자 점점 잘생겨진다 흑흑,잘생긴
미친 웹소설 안봤는데 개존잼이에요 ㅠㅠㅠㅠㅠㅠㅠㅠㅠㅠ미쳤다,기다려지는
웹툰보다가 원작소설도 보기 시작했는데 넘 재밌음  뒷부분 빨리 웹툰에 나오면 좋겠는데 양이 짱 많아서 한참은 기다려야 할 듯  누가 나 좀 웹툰 완결날 때까지 기절시켜줘요 ,기다려지는
제가 그려왔던 상상 속의 컷씬이랑 너무 비슷해서 소름돋고 너무 섬세하게 묘사해주셔서 감사하게 보고 있습니다  앞으로도 하고 싶은대로 그려주세요 ,그림체가 디테일한
넘나 재밌다 ,기다려지는
정희원 멸악의심판자 예스,판타지물
김독자 보면 볼수록 존나 잘생겼는데,잘생긴
작화 미첬다 진짜ㅜㅜ,그림체가 디테일한
저 진짜 원작 보면서 일주일 넘게 밤새며 읽었습니다  하아 몰입감 최고에 진짜 최고 또 최고에요ㅠㅠㅠㅠㅠㅠㅠㅠㅠㅠ 진짜 나 작가님 무릎꿇고 머리 박으며 충성할 자신 있을정도애요 원작보세요  번 보세요  번 보세요ㅠㅠㅠㅠㅠㅠㅠㅠㅠㅠㅠ,기다려지는
소설 꼭 보세요 진짜 미치게 재밌습니다,기다려지는
아   이거 진짜  너무재밌는데   작가 지하방에 가두자 ,기다려지는
좋아 흥미진진하네,기다려지는
성좌  구원의 마왕 의  은  종장  입니다성좌  구원의 마왕 의  은  영원  입니다,판타지물
웹툰 보고 소설 다 읽고온 닝겐이 전독시 베스트 성좌 되기  주 차,판타지물
와우 오늘도 독자는 잘생겼구만 ,잘생긴
이건 띵 명작이다 ,기다려지는
아 다음화 절실해,기다려지는
스포고 뭐고 일단 그림체 개쩐다 ,그림체가 디테일한
재밌어 재밌는데 뭔가 더 퐉하고 멋있는거 보고싶어 빨리 주인공이랑 합류해에에에,기다려지는
ㅎ  김독자 착장 지린다 ,잘생긴
오우오우 너무 재밌고,기다려지는
너무 무서워요 신고 ㄱㅇㅈㄹ ㅋㅋㅋㅋ,어두운
독자이좌식  잘생긴넘 ,잘생긴
김독자 개멋지네 반했다,잘생긴
범죄가 너무 자세히 묘사되지 않아서 좋다ㅠ,어두운
 성좌  화요일 밤을 기다리는 눈 이 쿠키를 구우며 다음주를 기다립니다 ,판타지물
와싀ㅜ오늘 줠라ㅜ잘생김ㅓ,잘생긴
독자 눈 봐  진심 제대로 섹시한 얼굴이다,잘생긴
독자 회차 거듭할수록 잘생겨지는거 실화 ,잘생긴
제  의벽   도깨비왕인 나에게 저런 허세차단하는것쯤은 일도아니라구 ,판타지물
독자야 네 미모에 자비가 없구나 사랑한다 ,잘생긴
진짜 ㅋㅋ 넘 댕잼써 ㅜ,기다려지는
원소설과 다른점이 나에겐 더 매력적인거 같은데 그림으로도 충분히 표현되고 있음,그림체가 디테일한
 화요일 밤을 기다리는 성좌들이 미친듯이 쿠키를 구워왔습니다  ,기다려지는
소설 몇화입니까   누가알려주세요,기다려지는
ㅈㄴ 섹시 내색시,잘생긴
이거 한 명이 그린 거 맞음 아니면 기업같은 데에서 아예 팀이 있는 거임 퀄리티  린다 ㄷㄷ,그림체가 디테일한
와 진짜 빨리 다음편 보고싶다,기다려지는
ㅋㅋㅋㅋㅋㅋㅋㅋㅋ 유중혁 얼굴 몇 주 안 봤다고 또 김독자가 이 세상 미모의 기준이 되어버린 느낌이네 미쳤다 진짜  지금 독자 섹시함 정도면 유중혁 뺨 한 대 칠까 말까 고민할 정도는 된다 ㄹㅇ,잘생긴
다음편이 있는곳으로 안내해,기다려지는
언제나 느끼는건데 눈빛 묘사가 세세해서 인물에게 더 빠지는듯,그림체가 디테일한
미친 김독자 얼굴 개잘생겼고 대박 어떻게ㅜㅜ귀여워 이와중 독자 맨탈흔들리니 우리 벽이가 막아주네ㅜㅜ귀여운 자식,잘생긴
제 의벽은 도깨비왕이라 모든거 다차단가능 뿌슝빠슝 ,판타지물
독자 저거 물고있는거 개귀여워 애기같아 하으응ㅠㅠㅠ,그림체가 디테일한
개띵작 확정,기다려지는
종나재밋당,기다려지는
김독자 돌아볼때 표정 너무 순수해보여서 귀여움ㅋㅋㅋㅋㅋㅋㅋㅋㅋ,그림체가 귀여운
곤충  그렇게 리얼하게 안그려도 된다니까요 ㅜㅜㅜ,그림체가 디테일한
진짜 저런새ㄲ들이 꼭 성범죄자가 되는데 법좀 강화시켜라 공부 잘하는 ㅅㄲ들아 ,어두운
썸네일 걸그룹 뮤비같다는 댓글 어디감ㅠㅠ 그거보고 겁나 웃었는데,빵터지는
이거 지금 보니까 딱 성좌들이 우리 독자들의 심정을 대변해주네 ㅋㅋㅋ 저 쓰잘데기없이 분량 잡아먹는 조무래기들 빨리 치우라는 거,판타지물
김독자 쪽쪽이 문거 같아 귀여워 사랑스러워 김독자 빡쳤어 개멋있어김독자 유중혁 말투 따라했어 귀여워 섹시해김독자 옷도 갈아입었어 잘어울려김독자 오늘도 사랑해,잘생긴
  성좌  싫테충이 방구석에서 날뛰고 있습니다 ,판타지물
마지막컷에서 살짝 성진우 스멜이났다,판타지물
이 퀄리티로 이런 분량 정말 너무 좋다 ,그림체가 디테일한
와 소설에서 보면서 진짜 등장인물들 넘 궁금했었는데 그림으로 보니까 진짜 신기하고  퀄리티 쩌네 ,그림체가 디테일한
철수 죽일때 만화 밖으로 발 빠져나오는거 봐라 메타포 지렸다,소름돋는
작화 개지린다진짜 웅장해진다 ,그림체가 디테일한
진짜 개쩐다  독자 사랑해 영원한 내 최애 사랑해,기다려지는
김독자 처음에 물고있는 저 허파 애기들이 빠는 쪽쪽이 같애서 너무 귀엽당 ㅠㅠ,그림체가 귀여운
 이 예쁘게 그려주셔서 진심으로 감사합니다 ,그림체가 디테일한
진짜 볼수록 퀄리티 오진다,그림체가 디테일한
마조히스트 성좌라니 넘무 무섭잖아,판타지물
ㅋㅋㅋㅋㅋ유중혁처럼 말해보깈ㅋㅋㅋㅋ독자야 넘 귀여자나 ㅋㅋㅋㅋㅋㅋㅋㅋ,빵터지는
초반은 역시 이 아포칼립스적 분위기가 꿀잼이었음 ㄹㅇ,빵터지는
오늘도 재밌게 잘 봤습니다 ,기다려지는
자극적으로 묘사 안하는데도 상황의 잔혹함이 잘드러나서 좋다,어두운
하 진짜 저런 새끼들이 꼭 성범죄자가 되요  ,어두운
김독자 빡친 얼굴 진짜 멋있어,잘생긴
작화 미쳤다 진짜,그림체가 디테일한
읽고있었는데벌서끝남 ㅠㅠ,기다려지는
딴 왭툰들은 걍 재밌어서 보는데 이건 내 다른 인생인마냠 봄 ㅋㅌㅋㅌㅌㅋ 몰입감 개쩜,기다려지는
독자 너무 멋지게 생겼어 예상과는 달라 넘 멋져 섹시해,잘생긴
아 갠적으로  여기에 미성년자인 성좌는 없겠지  지금부터 성인방송시간이니까  이런 뉘앙스의 대사 빠져서 아쉽다 난 그거보고 와 오진다 했는데 뭐 빠져도 엄청 재밌네요 ,판타지물
유중혁처럼 말해보기 ㅋㅋㅋㅋㅋ 독자 귀엽네,빵터지는
근데 작가님 배경 디테일하게 잘 그리셨네 간판같은것도 되게 디테일함,그림체가 디테일한
독자 아무리봐도 잘생겼어 짜릿해 늘 새로워,잘생긴
재밌네용,기다려지는
성좌도 마조히스트가 있넼ㅋㅋ,판타지물
ㅈㄴ멋있네 ,잘생긴
김독자 흰 셔츠에서 검은 셔츠로 바뀌었는데 어쩜 검은색도 잘 어울리냐,잘생긴
유중혁처럼 이름말해보는 독자 너무 귀엽다ㅋㅋㅋㅋㅋ,그림체가 귀여운
김독자 검은 셔츠에 정장 좀 언급해주세요 ㅈㄴ섹시해 완전 잘어울려 ,잘생긴
독자 생각보다 잔인해서 놀랐다 소설 너무 오래전에 봐서 그런가,어두운
 성좌   김독자사랑해 가 다음편을 기다립니다 ,기다려지는
세상 멸망하려고 한다고 해서 인간성을 그냥 놓아버리는구나 절망적인 상황에서 이성적인 사람은 소수이겠지만 저 놈들은 다른 사람을 그냥 가축보듯이 한다는게  참  저 여성이 어떤 일을 당할 뻔 알 것 같아서 더욱 안타깝다  ,어두운
독자야 얼굴과 말빨로 먹고살수있을거같은데 왜 계약직이였니ㅠ,잘생긴
너무 멋있다  ,잘생긴
으으어어어어 한  년뒤에 와야되나 ㅠㅠㅠ,기다려지는
준내 재밌다 쿠키 다 줄테니 다음화 줘용,기다려지는
와 김독자 진짜 잘생겼네,잘생긴
독자 검정셔츠 진짜 와 넘 섹시한거 아님  독자야 앞으로 검정 셔츠만 입어 알겠니  흰셔츠 입기만해봐  김독자 흰셔츠  년 압수,잘생긴
독자야 넘 설렌다 ,설레는
유중혁처럼 말해보기  ㅋㅋㅋㅋㅋㅋㅋㅋ,빵터지는
재밌어 ,기다려지는
다른말 다 필요없이 재밌다 한마디밖에 안나온다,기다려지는
유중혁처럼 말해보기  ㅋㅋㅋㅋㅋ,빵터지는
독자 검정 셔츠  너무 잘 어울린다  핏 최고 ,잘생긴
김독자 목소리 너무 좋아,잘생긴
김독자 겁나 멋있어 ,잘생긴
유중혁과 김독자는 사랑입니다 ,잘생긴
와 작가님 분량 무슨일인가요ㅠㅠㅠ감사합니다 감사합니다ㅜㅠ 열심히 쿠키 굽겠습니다ㅠㅠㅜㅡㅠㅜ,기다려지는
 성좌   초록창의말랑카우 가 앞으로의 전개를 기대합니다 ,판타지물
독자 막컷 얼굴 봐  진심 제대로 반할 것 같은 얼굴이다,잘생긴
진짜 재밌게 봤습니다 다른화에 비해서 더욱 몰입도가 있는것 같네요,기다려지는
아 김독자 다리 완전 얇고 길어ㅠㅠㅠ포즈까지 완 벽 ㅠㅠㅠ잘생겼어 너무 좋아ㅠㅠ,잘생긴
와 씨 나오늘따라 개잘생겼네,잘생긴
 저 흑발 여자분 실물은 소설로 본 저희도 처음이라 너무 설렙니다 너무 이쁘네요 ㅎㅎ,설레는
이런 먼치킨이 좋아 흫,먼치킨인
긴고아 이미 조무래기 취급하고있넼ㅋㅋㅋㅋ,판타지물
오늘도 재미있네요독자 얼굴이,잘생긴
유중혁처럼 말해보기ㅋㅋㅋㅋㅋㅋㅋㅋㅋㅋㅋㅋㅋ,빵터지는
잔인한건 너희들이겠지 역겨워 ,어두운
막컷 독자 되게 잘생겼다  누가 이 독자보고 오징어래,잘생긴
이건 존잼이 아니라 ㅈㄴ꿀잼 입니다 그림체도 좋고,그림체가 디테일한
